"ID";"Sex";"EmploymentType";"SectorBranchesSIC2008";"Periods";"EmployedPersons_1";"Jobs_2";"FullTimeEquivalentFte_3";"HoursWorked_4"
"1475";"T001038";"T001413";"394100 ";"1995JJ00";"29";"31";"25";"52"
"1476";"T001038";"T001413";"394100 ";"1996JJ00";"30";"32";"26";"55"
"1477";"T001038";"T001413";"394100 ";"1997JJ00";"32";"35";"28";"59"
"1478";"T001038";"T001413";"394100 ";"1998JJ00";"41";"43";"34";"69"
"1479";"T001038";"T001413";"394100 ";"1999JJ00";"45";"49";"38";"79"
"1480";"T001038";"T001413";"394100 ";"2000JJ00";"56";"60";"47";"95"
"1481";"T001038";"T001413";"394100 ";"2001JJ00";"64";"65";"60";"103"
"1482";"T001038";"T001413";"394100 ";"2002JJ00";"54";"56";"51";"88"
"1483";"T001038";"T001413";"394100 ";"2003JJ00";"47";"48";"44";"78"
"1484";"T001038";"T001413";"394100 ";"2004JJ00";"44";"45";"41";"73"
"1485";"T001038";"T001413";"394100 ";"2005JJ00";"43";"44";"40";"70"
"1486";"T001038";"T001413";"394100 ";"2006JJ00";"42";"43";"39";"68"
"1487";"T001038";"T001413";"394100 ";"2007JJ00";"41";"42";"38";"66"
"1488";"T001038";"T001413";"394100 ";"2008JJ00";"38";"40";"35";"62"
"1489";"T001038";"T001413";"394100 ";"2009JJ00";"36";"37";"32";"58"
"1490";"T001038";"T001413";"394100 ";"2010JJ00";"33";"33";"30";"54"
"1491";"T001038";"T001413";"394100 ";"2011JJ00";"32";"33";"30";"54"
"1492";"T001038";"T001413";"394100 ";"2012JJ00";"32";"33";"29";"53"
"1493";"T001038";"T001413";"394100 ";"2013JJ00";"31";"31";"28";"51"
"1494";"T001038";"T001413";"394100 ";"2014JJ00";"31";"32";"29";"52"
"1495";"T001038";"T001413";"394100 ";"2015JJ00";"30";"31";"28";"51"
"1496";"T001038";"T001413";"394100 ";"2016JJ00";"31";"31";"29";"52"
"1497";"T001038";"T001413";"394100 ";"2017JJ00";"31";"32";"30";"52"
"1498";"T001038";"T001413";"394100 ";"2018JJ00";"30";"30";"28";"49"
"1499";"T001038";"T001413";"394100 ";"2019JJ00";"28";"28";"26";"46"
"1500";"T001038";"T001413";"395005 ";"1995JJ00";"55";"60";"55";"104"
"1501";"T001038";"T001413";"395005 ";"1996JJ00";"71";"78";"70";"132"
"1502";"T001038";"T001413";"395005 ";"1997JJ00";"87";"93";"85";"160"
"1503";"T001038";"T001413";"395005 ";"1998JJ00";"103";"109";"99";"185"
"1504";"T001038";"T001413";"395005 ";"1999JJ00";"116";"125";"113";"211"
"1505";"T001038";"T001413";"395005 ";"2000JJ00";"125";"135";"122";"225"
"1506";"T001038";"T001413";"395005 ";"2001JJ00";"136";"145";"129";"238"
"1507";"T001038";"T001413";"395005 ";"2002JJ00";"131";"139";"123";"226"
"1508";"T001038";"T001413";"395005 ";"2003JJ00";"128";"136";"120";"216"
"1509";"T001038";"T001413";"395005 ";"2004JJ00";"126";"136";"120";"221"
"1510";"T001038";"T001413";"395005 ";"2005JJ00";"135";"146";"128";"236"
"1511";"T001038";"T001413";"395005 ";"2006JJ00";"143";"155";"136";"249"
"1512";"T001038";"T001413";"395005 ";"2007JJ00";"155";"167";"146";"268"
"1513";"T001038";"T001413";"395005 ";"2008JJ00";"166";"180";"158";"290"
"1514";"T001038";"T001413";"395005 ";"2009JJ00";"166";"181";"158";"292"
"1515";"T001038";"T001413";"395005 ";"2010JJ00";"164";"180";"157";"290"
"1516";"T001038";"T001413";"395005 ";"2011JJ00";"168";"186";"161";"299"
"1517";"T001038";"T001413";"395005 ";"2012JJ00";"172";"190";"164";"303"
"1518";"T001038";"T001413";"395005 ";"2013JJ00";"172";"191";"164";"303"
"1519";"T001038";"T001413";"395005 ";"2014JJ00";"178";"197";"170";"317"
"1520";"T001038";"T001413";"395005 ";"2015JJ00";"187";"207";"179";"331"
"1521";"T001038";"T001413";"395005 ";"2016JJ00";"196";"217";"188";"346"
"1522";"T001038";"T001413";"395005 ";"2017JJ00";"208";"231";"198";"362"
"1523";"T001038";"T001413";"395005 ";"2018JJ00";"221";"245";"211";"383"
"1524";"T001038";"T001413";"395005 ";"2019JJ00";"233";"257";"223";"403"
"1675";"T001038";"T001413";"300010 ";"1995JJ00";"1284";"1490";"861";"1572"
"1676";"T001038";"T001413";"300010 ";"1996JJ00";"1376";"1590";"935";"1720"
"1677";"T001038";"T001413";"300010 ";"1997JJ00";"1447";"1663";"990";"1798"
"1678";"T001038";"T001413";"300010 ";"1998JJ00";"1501";"1731";"1038";"1877"
"1679";"T001038";"T001413";"300010 ";"1999JJ00";"1560";"1803";"1085";"1962"
"1680";"T001038";"T001413";"300010 ";"2000JJ00";"1570";"1807";"1105";"1990"
"1681";"T001038";"T001413";"300010 ";"2001JJ00";"1579";"1798";"1112";"2000"
"1682";"T001038";"T001413";"300010 ";"2002JJ00";"1577";"1786";"1095";"1972"
"1683";"T001038";"T001413";"300010 ";"2003JJ00";"1547";"1747";"1063";"1936"
"1684";"T001038";"T001413";"300010 ";"2004JJ00";"1536";"1762";"1076";"1974"
"1685";"T001038";"T001413";"300010 ";"2005JJ00";"1579";"1814";"1103";"2002"
"1686";"T001038";"T001413";"300010 ";"2006JJ00";"1670";"1918";"1175";"2118"
"1687";"T001038";"T001413";"300010 ";"2007JJ00";"1767";"2030";"1257";"2261"
"1688";"T001038";"T001413";"300010 ";"2008JJ00";"1807";"2078";"1299";"2346"
"1689";"T001038";"T001413";"300010 ";"2009JJ00";"1746";"2015";"1248";"2246"
"1690";"T001038";"T001413";"300010 ";"2010JJ00";"1693";"1973";"1228";"2231"
"1691";"T001038";"T001413";"300010 ";"2011JJ00";"1724";"2014";"1255";"2284"
"1692";"T001038";"T001413";"300010 ";"2012JJ00";"1726";"2014";"1253";"2275"
"1693";"T001038";"T001413";"300010 ";"2013JJ00";"1722";"2008";"1247";"2280"
"1694";"T001038";"T001413";"300010 ";"2014JJ00";"1760";"2047";"1282";"2355"
"1695";"T001038";"T001413";"300010 ";"2015JJ00";"1833";"2137";"1349";"2475"
"1696";"T001038";"T001413";"300010 ";"2016JJ00";"1907";"2216";"1414";"2593"
"1697";"T001038";"T001413";"300010 ";"2017JJ00";"1989";"2313";"1485";"2722"
"1698";"T001038";"T001413";"300010 ";"2018JJ00";"2059";"2397";"1554";"2821"
"1699";"T001038";"T001413";"300010 ";"2019JJ00";"2079";"2423";"1577";"2859"
"1750";"T001038";"T001413";"403405 ";"1995JJ00";"337";"365";"299";"562"
"1751";"T001038";"T001413";"403405 ";"1996JJ00";"359";"388";"315";"600"
"1752";"T001038";"T001413";"403405 ";"1997JJ00";"361";"386";"325";"611"
"1753";"T001038";"T001413";"403405 ";"1998JJ00";"377";"403";"339";"635"
"1754";"T001038";"T001413";"403405 ";"1999JJ00";"396";"427";"358";"668"
"1755";"T001038";"T001413";"403405 ";"2000JJ00";"419";"450";"375";"698"
"1756";"T001038";"T001413";"403405 ";"2001JJ00";"444";"471";"395";"732"
"1757";"T001038";"T001413";"403405 ";"2002JJ00";"458";"484";"399";"732"
"1758";"T001038";"T001413";"403405 ";"2003JJ00";"453";"480";"393";"723"
"1759";"T001038";"T001413";"403405 ";"2004JJ00";"457";"488";"394";"737"
"1760";"T001038";"T001413";"403405 ";"2005JJ00";"452";"484";"393";"726"
"1761";"T001038";"T001413";"403405 ";"2006JJ00";"472";"506";"409";"751"
"1762";"T001038";"T001413";"403405 ";"2007JJ00";"496";"535";"430";"791"
"1763";"T001038";"T001413";"403405 ";"2008JJ00";"517";"558";"446";"824"
"1764";"T001038";"T001413";"403405 ";"2009JJ00";"519";"562";"451";"829"
"1765";"T001038";"T001413";"403405 ";"2010JJ00";"489";"542";"434";"798"
"1766";"T001038";"T001413";"403405 ";"2011JJ00";"493";"548";"439";"804"
"1767";"T001038";"T001413";"403405 ";"2012JJ00";"497";"553";"442";"808"
"1768";"T001038";"T001413";"403405 ";"2013JJ00";"493";"550";"436";"805"
"1769";"T001038";"T001413";"403405 ";"2014JJ00";"502";"558";"442";"822"
"1770";"T001038";"T001413";"403405 ";"2015JJ00";"509";"569";"453";"844"
"1771";"T001038";"T001413";"403405 ";"2016JJ00";"524";"586";"464";"869"
"1772";"T001038";"T001413";"403405 ";"2017JJ00";"531";"597";"474";"879"
"1773";"T001038";"T001413";"403405 ";"2018JJ00";"549";"618";"491";"905"
"1774";"T001038";"T001413";"403405 ";"2019JJ00";"566";"637";"506";"931"
"3975";"T001038";"A045285";"394100 ";"1995JJ00";"29";"30";"24";"51"
"3976";"T001038";"A045285";"394100 ";"1996JJ00";"29";"31";"25";"54"
"3977";"T001038";"A045285";"394100 ";"1997JJ00";"31";"34";"27";"57"
"3978";"T001038";"A045285";"394100 ";"1998JJ00";"39";"41";"33";"68"
"3979";"T001038";"A045285";"394100 ";"1999JJ00";"44";"47";"37";"77"
"3980";"T001038";"A045285";"394100 ";"2000JJ00";"55";"58";"46";"93"
"3981";"T001038";"A045285";"394100 ";"2001JJ00";"63";"64";"59";"102"
"3982";"T001038";"A045285";"394100 ";"2002JJ00";"53";"54";"51";"86"
"3983";"T001038";"A045285";"394100 ";"2003JJ00";"45";"46";"43";"75"
"3984";"T001038";"A045285";"394100 ";"2004JJ00";"43";"43";"40";"71"
"3985";"T001038";"A045285";"394100 ";"2005JJ00";"42";"42";"39";"68"
"3986";"T001038";"A045285";"394100 ";"2006JJ00";"41";"41";"38";"66"
"3987";"T001038";"A045285";"394100 ";"2007JJ00";"40";"40";"37";"64"
"3988";"T001038";"A045285";"394100 ";"2008JJ00";"38";"38";"34";"60"
"3989";"T001038";"A045285";"394100 ";"2009JJ00";"35";"36";"32";"56"
"3990";"T001038";"A045285";"394100 ";"2010JJ00";"32";"32";"29";"53"
"3991";"T001038";"A045285";"394100 ";"2011JJ00";"32";"32";"29";"52"
"3992";"T001038";"A045285";"394100 ";"2012JJ00";"31";"32";"29";"51"
"3993";"T001038";"A045285";"394100 ";"2013JJ00";"30";"31";"28";"50"
"3994";"T001038";"A045285";"394100 ";"2014JJ00";"31";"31";"29";"51"
"3995";"T001038";"A045285";"394100 ";"2015JJ00";"30";"30";"28";"50"
"3996";"T001038";"A045285";"394100 ";"2016JJ00";"30";"31";"28";"51"
"3997";"T001038";"A045285";"394100 ";"2017JJ00";"31";"31";"29";"51"
"3998";"T001038";"A045285";"394100 ";"2018JJ00";"29";"30";"27";"48"
"3999";"T001038";"A045285";"394100 ";"2019JJ00";"28";"28";"26";"46"
"4000";"T001038";"A045285";"395005 ";"1995JJ00";"47";"48";"46";"82"
"4001";"T001038";"A045285";"395005 ";"1996JJ00";"61";"62";"59";"106"
"4002";"T001038";"A045285";"395005 ";"1997JJ00";"73";"74";"71";"127"
"4003";"T001038";"A045285";"395005 ";"1998JJ00";"90";"92";"87";"156"
"4004";"T001038";"A045285";"395005 ";"1999JJ00";"104";"107";"101";"182"
"4005";"T001038";"A045285";"395005 ";"2000JJ00";"113";"116";"110";"197"
"4006";"T001038";"A045285";"395005 ";"2001JJ00";"123";"126";"117";"210"
"4007";"T001038";"A045285";"395005 ";"2002JJ00";"117";"120";"110";"196"
"4008";"T001038";"A045285";"395005 ";"2003JJ00";"114";"116";"107";"187"
"4009";"T001038";"A045285";"395005 ";"2004JJ00";"110";"112";"104";"187"
"4010";"T001038";"A045285";"395005 ";"2005JJ00";"117";"120";"112";"199"
"4011";"T001038";"A045285";"395005 ";"2006JJ00";"125";"129";"119";"210"
"4012";"T001038";"A045285";"395005 ";"2007JJ00";"135";"139";"128";"226"
"4013";"T001038";"A045285";"395005 ";"2008JJ00";"145";"148";"136";"242"
"4014";"T001038";"A045285";"395005 ";"2009JJ00";"144";"148";"136";"242"
"4015";"T001038";"A045285";"395005 ";"2010JJ00";"141";"145";"132";"236"
"4016";"T001038";"A045285";"395005 ";"2011JJ00";"143";"148";"134";"240"
"4017";"T001038";"A045285";"395005 ";"2012JJ00";"146";"150";"136";"243"
"4018";"T001038";"A045285";"395005 ";"2013JJ00";"145";"149";"136";"243"
"4019";"T001038";"A045285";"395005 ";"2014JJ00";"150";"154";"141";"254"
"4020";"T001038";"A045285";"395005 ";"2015JJ00";"158";"163";"148";"267"
"4021";"T001038";"A045285";"395005 ";"2016JJ00";"166";"171";"156";"279"
"4022";"T001038";"A045285";"395005 ";"2017JJ00";"178";"183";"166";"295"
"4023";"T001038";"A045285";"395005 ";"2018JJ00";"190";"196";"178";"315"
"4024";"T001038";"A045285";"395005 ";"2019JJ00";"201";"208";"188";"334"
"4175";"T001038";"A045285";"300010 ";"1995JJ00";"868";"947";"690";"1197"
"4176";"T001038";"A045285";"300010 ";"1996JJ00";"959";"1041";"759";"1327"
"4177";"T001038";"A045285";"300010 ";"1997JJ00";"1029";"1120";"813";"1407"
"4178";"T001038";"A045285";"300010 ";"1998JJ00";"1088";"1194";"860";"1485"
"4179";"T001038";"A045285";"300010 ";"1999JJ00";"1139";"1246";"900";"1561"
"4180";"T001038";"A045285";"300010 ";"2000JJ00";"1172";"1282";"928";"1598"
"4181";"T001038";"A045285";"300010 ";"2001JJ00";"1190";"1291";"941";"1624"
"4182";"T001038";"A045285";"300010 ";"2002JJ00";"1180";"1270";"921";"1597"
"4183";"T001038";"A045285";"300010 ";"2003JJ00";"1145";"1224";"886";"1555"
"4184";"T001038";"A045285";"300010 ";"2004JJ00";"1120";"1220";"886";"1565"
"4185";"T001038";"A045285";"300010 ";"2005JJ00";"1172";"1280";"918";"1605"
"4186";"T001038";"A045285";"300010 ";"2006JJ00";"1258";"1375";"981";"1703"
"4187";"T001038";"A045285";"300010 ";"2007JJ00";"1343";"1468";"1047";"1813"
"4188";"T001038";"A045285";"300010 ";"2008JJ00";"1382";"1510";"1086";"1888"
"4189";"T001038";"A045285";"300010 ";"2009JJ00";"1319";"1439";"1030";"1782"
"4190";"T001038";"A045285";"300010 ";"2010JJ00";"1248";"1368";"992";"1728"
"4191";"T001038";"A045285";"300010 ";"2011JJ00";"1265";"1385";"1003";"1762"
"4192";"T001038";"A045285";"300010 ";"2012JJ00";"1258";"1377";"997";"1748"
"4193";"T001038";"A045285";"300010 ";"2013JJ00";"1247";"1364";"988";"1743"
"4194";"T001038";"A045285";"300010 ";"2014JJ00";"1275";"1391";"1014";"1798"
"4195";"T001038";"A045285";"300010 ";"2015JJ00";"1345";"1467";"1068";"1890"
"4196";"T001038";"A045285";"300010 ";"2016JJ00";"1414";"1538";"1127";"2001"
"4197";"T001038";"A045285";"300010 ";"2017JJ00";"1488";"1623";"1190";"2115"
"4198";"T001038";"A045285";"300010 ";"2018JJ00";"1552";"1692";"1251";"2205"
"4199";"T001038";"A045285";"300010 ";"2019JJ00";"1567";"1708";"1268";"2240"
"4250";"T001038";"A045285";"403405 ";"1995JJ00";"289";"304";"263";"474"
"4251";"T001038";"A045285";"403405 ";"1996JJ00";"304";"317";"275";"498"
"4252";"T001038";"A045285";"403405 ";"1997JJ00";"310";"323";"285";"515"
"4253";"T001038";"A045285";"403405 ";"1998JJ00";"325";"339";"299";"538"
"4254";"T001038";"A045285";"403405 ";"1999JJ00";"343";"359";"316";"570"
"4255";"T001038";"A045285";"403405 ";"2000JJ00";"365";"381";"333";"597"
"4256";"T001038";"A045285";"403405 ";"2001JJ00";"386";"400";"351";"629"
"4257";"T001038";"A045285";"403405 ";"2002JJ00";"399";"412";"355";"631"
"4258";"T001038";"A045285";"403405 ";"2003JJ00";"390";"403";"347";"616"
"4259";"T001038";"A045285";"403405 ";"2004JJ00";"387";"401";"342";"617"
"4260";"T001038";"A045285";"403405 ";"2005JJ00";"387";"402";"343";"610"
"4261";"T001038";"A045285";"403405 ";"2006JJ00";"402";"417";"354";"626"
"4262";"T001038";"A045285";"403405 ";"2007JJ00";"418";"433";"367";"648"
"4263";"T001038";"A045285";"403405 ";"2008JJ00";"439";"454";"381";"675"
"4264";"T001038";"A045285";"403405 ";"2009JJ00";"441";"456";"384";"678"
"4265";"T001038";"A045285";"403405 ";"2010JJ00";"403";"423";"358";"627"
"4266";"T001038";"A045285";"403405 ";"2011JJ00";"401";"420";"356";"625"
"4267";"T001038";"A045285";"403405 ";"2012JJ00";"399";"420";"357";"625"
"4268";"T001038";"A045285";"403405 ";"2013JJ00";"391";"412";"349";"617"
"4269";"T001038";"A045285";"403405 ";"2014JJ00";"394";"414";"351";"625"
"4270";"T001038";"A045285";"403405 ";"2015JJ00";"399";"419";"355";"632"
"4271";"T001038";"A045285";"403405 ";"2016JJ00";"410";"430";"364";"652"
"4272";"T001038";"A045285";"403405 ";"2017JJ00";"416";"437";"369";"657"
"4273";"T001038";"A045285";"403405 ";"2018JJ00";"432";"453";"383";"678"
"4274";"T001038";"A045285";"403405 ";"2019JJ00";"446";"469";"396";"702"
"6475";"T001038";"A045286";"394100 ";"1995JJ00";"1";"1";"1";"1"
"6476";"T001038";"A045286";"394100 ";"1996JJ00";"1";"1";"1";"1"
"6477";"T001038";"A045286";"394100 ";"1997JJ00";"1";"1";"1";"1"
"6478";"T001038";"A045286";"394100 ";"1998JJ00";"1";"1";"1";"1"
"6479";"T001038";"A045286";"394100 ";"1999JJ00";"1";"2";"1";"2"
"6480";"T001038";"A045286";"394100 ";"2000JJ00";"1";"1";"1";"2"
"6481";"T001038";"A045286";"394100 ";"2001JJ00";"1";"1";"1";"2"
"6482";"T001038";"A045286";"394100 ";"2002JJ00";"1";"2";"1";"2"
"6483";"T001038";"A045286";"394100 ";"2003JJ00";"1";"2";"1";"3"
"6484";"T001038";"A045286";"394100 ";"2004JJ00";"1";"2";"1";"3"
"6485";"T001038";"A045286";"394100 ";"2005JJ00";"1";"2";"1";"3"
"6486";"T001038";"A045286";"394100 ";"2006JJ00";"1";"2";"1";"2"
"6487";"T001038";"A045286";"394100 ";"2007JJ00";"1";"2";"1";"2"
"6488";"T001038";"A045286";"394100 ";"2008JJ00";"1";"1";"1";"2"
"6489";"T001038";"A045286";"394100 ";"2009JJ00";"1";"1";"1";"2"
"6490";"T001038";"A045286";"394100 ";"2010JJ00";"1";"1";"1";"1"
"6491";"T001038";"A045286";"394100 ";"2011JJ00";"1";"1";"1";"1"
"6492";"T001038";"A045286";"394100 ";"2012JJ00";"1";"1";"1";"1"
"6493";"T001038";"A045286";"394100 ";"2013JJ00";"0";"1";"0";"1"
"6494";"T001038";"A045286";"394100 ";"2014JJ00";"0";"1";"0";"1"
"6495";"T001038";"A045286";"394100 ";"2015JJ00";"0";"1";"0";"1"
"6496";"T001038";"A045286";"394100 ";"2016JJ00";"0";"1";"0";"1"
"6497";"T001038";"A045286";"394100 ";"2017JJ00";"0";"1";"0";"1"
"6498";"T001038";"A045286";"394100 ";"2018JJ00";"0";"1";"0";"1"
"6499";"T001038";"A045286";"394100 ";"2019JJ00";"0";"1";"0";"1"
"6500";"T001038";"A045286";"395005 ";"1995JJ00";"8";"13";"9";"22"
"6501";"T001038";"A045286";"395005 ";"1996JJ00";"11";"15";"11";"26"
"6502";"T001038";"A045286";"395005 ";"1997JJ00";"14";"19";"14";"33"
"6503";"T001038";"A045286";"395005 ";"1998JJ00";"13";"18";"12";"30"
"6504";"T001038";"A045286";"395005 ";"1999JJ00";"12";"18";"12";"29"
"6505";"T001038";"A045286";"395005 ";"2000JJ00";"12";"19";"12";"28"
"6506";"T001038";"A045286";"395005 ";"2001JJ00";"13";"19";"12";"29"
"6507";"T001038";"A045286";"395005 ";"2002JJ00";"14";"19";"13";"30"
"6508";"T001038";"A045286";"395005 ";"2003JJ00";"14";"20";"13";"29"
"6509";"T001038";"A045286";"395005 ";"2004JJ00";"17";"24";"15";"34"
"6510";"T001038";"A045286";"395005 ";"2005JJ00";"18";"26";"17";"38"
"6511";"T001038";"A045286";"395005 ";"2006JJ00";"18";"26";"17";"39"
"6512";"T001038";"A045286";"395005 ";"2007JJ00";"19";"28";"19";"42"
"6513";"T001038";"A045286";"395005 ";"2008JJ00";"21";"32";"21";"48"
"6514";"T001038";"A045286";"395005 ";"2009JJ00";"21";"33";"22";"50"
"6515";"T001038";"A045286";"395005 ";"2010JJ00";"23";"36";"24";"54"
"6516";"T001038";"A045286";"395005 ";"2011JJ00";"25";"39";"27";"58"
"6517";"T001038";"A045286";"395005 ";"2012JJ00";"26";"41";"27";"60"
"6518";"T001038";"A045286";"395005 ";"2013JJ00";"27";"41";"29";"60"
"6519";"T001038";"A045286";"395005 ";"2014JJ00";"28";"43";"29";"63"
"6520";"T001038";"A045286";"395005 ";"2015JJ00";"29";"45";"31";"64"
"6521";"T001038";"A045286";"395005 ";"2016JJ00";"30";"46";"32";"67"
"6522";"T001038";"A045286";"395005 ";"2017JJ00";"30";"47";"33";"67"
"6523";"T001038";"A045286";"395005 ";"2018JJ00";"31";"49";"34";"68"
"6524";"T001038";"A045286";"395005 ";"2019JJ00";"31";"50";"34";"68"
"6675";"T001038";"A045286";"300010 ";"1995JJ00";"416";"543";"171";"375"
"6676";"T001038";"A045286";"300010 ";"1996JJ00";"416";"549";"176";"393"
"6677";"T001038";"A045286";"300010 ";"1997JJ00";"418";"543";"178";"391"
"6678";"T001038";"A045286";"300010 ";"1998JJ00";"413";"537";"178";"391"
"6679";"T001038";"A045286";"300010 ";"1999JJ00";"421";"557";"185";"401"
"6680";"T001038";"A045286";"300010 ";"2000JJ00";"398";"526";"177";"392"
"6681";"T001038";"A045286";"300010 ";"2001JJ00";"389";"507";"172";"376"
"6682";"T001038";"A045286";"300010 ";"2002JJ00";"397";"516";"174";"375"
"6683";"T001038";"A045286";"300010 ";"2003JJ00";"402";"522";"177";"381"
"6684";"T001038";"A045286";"300010 ";"2004JJ00";"416";"542";"190";"410"
"6685";"T001038";"A045286";"300010 ";"2005JJ00";"407";"534";"186";"398"
"6686";"T001038";"A045286";"300010 ";"2006JJ00";"412";"543";"194";"415"
"6687";"T001038";"A045286";"300010 ";"2007JJ00";"424";"563";"209";"448"
"6688";"T001038";"A045286";"300010 ";"2008JJ00";"425";"568";"214";"458"
"6689";"T001038";"A045286";"300010 ";"2009JJ00";"428";"576";"218";"464"
"6690";"T001038";"A045286";"300010 ";"2010JJ00";"446";"606";"237";"503"
"6691";"T001038";"A045286";"300010 ";"2011JJ00";"459";"629";"252";"522"
"6692";"T001038";"A045286";"300010 ";"2012JJ00";"468";"636";"256";"528"
"6693";"T001038";"A045286";"300010 ";"2013JJ00";"474";"644";"260";"537"
"6694";"T001038";"A045286";"300010 ";"2014JJ00";"485";"656";"268";"557"
"6695";"T001038";"A045286";"300010 ";"2015JJ00";"489";"670";"281";"585"
"6696";"T001038";"A045286";"300010 ";"2016JJ00";"493";"678";"287";"593"
"6697";"T001038";"A045286";"300010 ";"2017JJ00";"500";"690";"296";"607"
"6698";"T001038";"A045286";"300010 ";"2018JJ00";"507";"704";"303";"615"
"6699";"T001038";"A045286";"300010 ";"2019JJ00";"512";"716";"308";"619"
"6750";"T001038";"A045286";"403405 ";"1995JJ00";"49";"61";"36";"88"
"6751";"T001038";"A045286";"403405 ";"1996JJ00";"55";"71";"39";"102"
"6752";"T001038";"A045286";"403405 ";"1997JJ00";"52";"63";"40";"96"
"6753";"T001038";"A045286";"403405 ";"1998JJ00";"52";"64";"40";"96"
"6754";"T001038";"A045286";"403405 ";"1999JJ00";"53";"68";"43";"98"
"6755";"T001038";"A045286";"403405 ";"2000JJ00";"54";"69";"42";"101"
"6756";"T001038";"A045286";"403405 ";"2001JJ00";"57";"71";"43";"103"
"6757";"T001038";"A045286";"403405 ";"2002JJ00";"59";"73";"44";"102"
"6758";"T001038";"A045286";"403405 ";"2003JJ00";"63";"77";"46";"107"
"6759";"T001038";"A045286";"403405 ";"2004JJ00";"70";"86";"52";"120"
"6760";"T001038";"A045286";"403405 ";"2005JJ00";"65";"83";"51";"115"
"6761";"T001038";"A045286";"403405 ";"2006JJ00";"70";"89";"55";"125"
"6762";"T001038";"A045286";"403405 ";"2007JJ00";"78";"102";"63";"142"
"6763";"T001038";"A045286";"403405 ";"2008JJ00";"78";"104";"66";"149"
"6764";"T001038";"A045286";"403405 ";"2009JJ00";"78";"106";"67";"151"
"6765";"T001038";"A045286";"403405 ";"2010JJ00";"87";"119";"77";"171"
"6766";"T001038";"A045286";"403405 ";"2011JJ00";"93";"128";"82";"179"
"6767";"T001038";"A045286";"403405 ";"2012JJ00";"98";"133";"85";"183"
"6768";"T001038";"A045286";"403405 ";"2013JJ00";"102";"138";"87";"188"
"6769";"T001038";"A045286";"403405 ";"2014JJ00";"108";"144";"91";"198"
"6770";"T001038";"A045286";"403405 ";"2015JJ00";"110";"151";"98";"212"
"6771";"T001038";"A045286";"403405 ";"2016JJ00";"114";"156";"100";"218"
"6772";"T001038";"A045286";"403405 ";"2017JJ00";"116";"160";"104";"223"
"6773";"T001038";"A045286";"403405 ";"2018JJ00";"118";"164";"107";"227"
"6774";"T001038";"A045286";"403405 ";"2019JJ00";"119";"168";"110";"228"
"8975";"3000   ";"T001413";"394100 ";"1995JJ00";"21";"22";"19";"38"
"8976";"3000   ";"T001413";"394100 ";"1996JJ00";"21";"23";"20";"40"
"8977";"3000   ";"T001413";"394100 ";"1997JJ00";"23";"25";"21";"43"
"8978";"3000   ";"T001413";"394100 ";"1998JJ00";"29";"30";"26";"50"
"8979";"3000   ";"T001413";"394100 ";"1999JJ00";"31";"34";"28";"56"
"8980";"3000   ";"T001413";"394100 ";"2000JJ00";"37";"40";"35";"67"
"8981";"3000   ";"T001413";"394100 ";"2001JJ00";"43";"43";"42";"73"
"8982";"3000   ";"T001413";"394100 ";"2002JJ00";"37";"38";"36";"62"
"8983";"3000   ";"T001413";"394100 ";"2003JJ00";"32";"33";"32";"56"
"8984";"3000   ";"T001413";"394100 ";"2004JJ00";"30";"30";"29";"52"
"8985";"3000   ";"T001413";"394100 ";"2005JJ00";"30";"31";"29";"51"
"8986";"3000   ";"T001413";"394100 ";"2006JJ00";"29";"30";"28";"49"
"8987";"3000   ";"T001413";"394100 ";"2007JJ00";"28";"29";"27";"48"
"8988";"3000   ";"T001413";"394100 ";"2008JJ00";"26";"27";"25";"44"
"8989";"3000   ";"T001413";"394100 ";"2009JJ00";"24";"25";"23";"41"
"8990";"3000   ";"T001413";"394100 ";"2010JJ00";"23";"23";"22";"39"
"8991";"3000   ";"T001413";"394100 ";"2011JJ00";"22";"23";"21";"39"
"8992";"3000   ";"T001413";"394100 ";"2012JJ00";"22";"23";"21";"38"
"8993";"3000   ";"T001413";"394100 ";"2013JJ00";"22";"23";"21";"38"
"8994";"3000   ";"T001413";"394100 ";"2014JJ00";"22";"23";"22";"39"
"8995";"3000   ";"T001413";"394100 ";"2015JJ00";"22";"23";"21";"39"
"8996";"3000   ";"T001413";"394100 ";"2016JJ00";"22";"23";"22";"40"
"8997";"3000   ";"T001413";"394100 ";"2017JJ00";"23";"24";"22";"40"
"8998";"3000   ";"T001413";"394100 ";"2018JJ00";"22";"23";"21";"38"
"8999";"3000   ";"T001413";"394100 ";"2019JJ00";"21";"21";"20";"36"
"9000";"3000   ";"T001413";"395005 ";"1995JJ00";"45";"50";"46";"88"
"9001";"3000   ";"T001413";"395005 ";"1996JJ00";"59";"64";"59";"112"
"9002";"3000   ";"T001413";"395005 ";"1997JJ00";"70";"75";"70";"131"
"9003";"3000   ";"T001413";"395005 ";"1998JJ00";"83";"89";"82";"154"
"9004";"3000   ";"T001413";"395005 ";"1999JJ00";"92";"100";"92";"172"
"9005";"3000   ";"T001413";"395005 ";"2000JJ00";"99";"108";"99";"183"
"9006";"3000   ";"T001413";"395005 ";"2001JJ00";"107";"114";"104";"193"
"9007";"3000   ";"T001413";"395005 ";"2002JJ00";"103";"110";"100";"185"
"9008";"3000   ";"T001413";"395005 ";"2003JJ00";"102";"109";"99";"179"
"9009";"3000   ";"T001413";"395005 ";"2004JJ00";"102";"110";"99";"184"
"9010";"3000   ";"T001413";"395005 ";"2005JJ00";"110";"119";"107";"198"
"9011";"3000   ";"T001413";"395005 ";"2006JJ00";"115";"125";"113";"206"
"9012";"3000   ";"T001413";"395005 ";"2007JJ00";"124";"135";"121";"222"
"9013";"3000   ";"T001413";"395005 ";"2008JJ00";"133";"145";"130";"241"
"9014";"3000   ";"T001413";"395005 ";"2009JJ00";"133";"146";"131";"243"
"9015";"3000   ";"T001413";"395005 ";"2010JJ00";"133";"147";"131";"245"
"9016";"3000   ";"T001413";"395005 ";"2011JJ00";"136";"152";"135";"252"
"9017";"3000   ";"T001413";"395005 ";"2012JJ00";"139";"155";"137";"255"
"9018";"3000   ";"T001413";"395005 ";"2013JJ00";"139";"155";"137";"256"
"9019";"3000   ";"T001413";"395005 ";"2014JJ00";"144";"159";"142";"266"
"9020";"3000   ";"T001413";"395005 ";"2015JJ00";"150";"167";"148";"276"
"9021";"3000   ";"T001413";"395005 ";"2016JJ00";"156";"173";"154";"287"
"9022";"3000   ";"T001413";"395005 ";"2017JJ00";"165";"183";"162";"297"
"9023";"3000   ";"T001413";"395005 ";"2018JJ00";"174";"193";"171";"312"
"9024";"3000   ";"T001413";"395005 ";"2019JJ00";"181";"201";"179";"326"
"9175";"3000   ";"T001413";"300010 ";"1995JJ00";"596";"663";"504";"940"
"9176";"3000   ";"T001413";"300010 ";"1996JJ00";"657";"727";"554";"1041"
"9177";"3000   ";"T001413";"300010 ";"1997JJ00";"703";"775";"592";"1094"
"9178";"3000   ";"T001413";"300010 ";"1998JJ00";"724";"804";"614";"1128"
"9179";"3000   ";"T001413";"300010 ";"1999JJ00";"753";"843";"642";"1179"
"9180";"3000   ";"T001413";"300010 ";"2000JJ00";"768";"863";"654";"1196"
"9181";"3000   ";"T001413";"300010 ";"2001JJ00";"779";"865";"658";"1199"
"9182";"3000   ";"T001413";"300010 ";"2002JJ00";"776";"854";"645";"1181"
"9183";"3000   ";"T001413";"300010 ";"2003JJ00";"765";"838";"632";"1165"
"9184";"3000   ";"T001413";"300010 ";"2004JJ00";"768";"851";"642";"1193"
"9185";"3000   ";"T001413";"300010 ";"2005JJ00";"792";"879";"657";"1206"
"9186";"3000   ";"T001413";"300010 ";"2006JJ00";"848";"942";"701";"1273"
"9187";"3000   ";"T001413";"300010 ";"2007JJ00";"909";"1011";"753";"1365"
"9188";"3000   ";"T001413";"300010 ";"2008JJ00";"936";"1039";"778";"1418"
"9189";"3000   ";"T001413";"300010 ";"2009JJ00";"889";"988";"739";"1341"
"9190";"3000   ";"T001413";"300010 ";"2010JJ00";"870";"990";"750";"1388"
"9191";"3000   ";"T001413";"300010 ";"2011JJ00";"895";"1020";"769";"1429"
"9192";"3000   ";"T001413";"300010 ";"2012JJ00";"894";"1016";"766";"1419"
"9193";"3000   ";"T001413";"300010 ";"2013JJ00";"891";"1012";"763";"1418"
"9194";"3000   ";"T001413";"300010 ";"2014JJ00";"915";"1035";"784";"1467"
"9195";"3000   ";"T001413";"300010 ";"2015JJ00";"962";"1084";"822";"1537"
"9196";"3000   ";"T001413";"300010 ";"2016JJ00";"1003";"1127";"861";"1610"
"9197";"3000   ";"T001413";"300010 ";"2017JJ00";"1050";"1181";"906";"1688"
"9198";"3000   ";"T001413";"300010 ";"2018JJ00";"1089";"1227";"944";"1743"
"9199";"3000   ";"T001413";"300010 ";"2019JJ00";"1097";"1237";"953";"1757"
"9250";"3000   ";"T001413";"403405 ";"1995JJ00";"219";"234";"206";"401"
"9251";"3000   ";"T001413";"403405 ";"1996JJ00";"228";"242";"212";"418"
"9252";"3000   ";"T001413";"403405 ";"1997JJ00";"233";"245";"220";"426"
"9253";"3000   ";"T001413";"403405 ";"1998JJ00";"239";"251";"226";"438"
"9254";"3000   ";"T001413";"403405 ";"1999JJ00";"252";"268";"239";"459"
"9255";"3000   ";"T001413";"403405 ";"2000JJ00";"264";"279";"246";"472"
"9256";"3000   ";"T001413";"403405 ";"2001JJ00";"275";"292";"258";"491"
"9257";"3000   ";"T001413";"403405 ";"2002JJ00";"280";"296";"259";"487"
"9258";"3000   ";"T001413";"403405 ";"2003JJ00";"276";"292";"257";"481"
"9259";"3000   ";"T001413";"403405 ";"2004JJ00";"282";"302";"263";"500"
"9260";"3000   ";"T001413";"403405 ";"2005JJ00";"279";"300";"263";"493"
"9261";"3000   ";"T001413";"403405 ";"2006JJ00";"291";"313";"273";"508"
"9262";"3000   ";"T001413";"403405 ";"2007JJ00";"306";"331";"286";"533"
"9263";"3000   ";"T001413";"403405 ";"2008JJ00";"321";"344";"295";"553"
"9264";"3000   ";"T001413";"403405 ";"2009JJ00";"319";"342";"297";"552"
"9265";"3000   ";"T001413";"403405 ";"2010JJ00";"303";"344";"295";"554"
"9266";"3000   ";"T001413";"403405 ";"2011JJ00";"307";"349";"299";"559"
"9267";"3000   ";"T001413";"403405 ";"2012JJ00";"310";"353";"302";"562"
"9268";"3000   ";"T001413";"403405 ";"2013JJ00";"308";"351";"298";"560"
"9269";"3000   ";"T001413";"403405 ";"2014JJ00";"315";"357";"302";"572"
"9270";"3000   ";"T001413";"403405 ";"2015JJ00";"326";"362";"307";"581"
"9271";"3000   ";"T001413";"403405 ";"2016JJ00";"335";"372";"314";"599"
"9272";"3000   ";"T001413";"403405 ";"2017JJ00";"338";"377";"320";"603"
"9273";"3000   ";"T001413";"403405 ";"2018JJ00";"349";"390";"330";"618"
"9274";"3000   ";"T001413";"403405 ";"2019JJ00";"359";"401";"339";"633"
"11475";"3000   ";"A045285";"394100 ";"1995JJ00";"20";"22";"19";"37"
"11476";"3000   ";"A045285";"394100 ";"1996JJ00";"21";"22";"19";"39"
"11477";"3000   ";"A045285";"394100 ";"1997JJ00";"22";"24";"21";"42"
"11478";"3000   ";"A045285";"394100 ";"1998JJ00";"28";"29";"25";"50"
"11479";"3000   ";"A045285";"394100 ";"1999JJ00";"30";"33";"28";"56"
"11480";"3000   ";"A045285";"394100 ";"2000JJ00";"37";"39";"34";"66"
"11481";"3000   ";"A045285";"394100 ";"2001JJ00";"42";"43";"42";"71"
"11482";"3000   ";"A045285";"394100 ";"2002JJ00";"36";"37";"36";"61"
"11483";"3000   ";"A045285";"394100 ";"2003JJ00";"31";"32";"31";"54"
"11484";"3000   ";"A045285";"394100 ";"2004JJ00";"29";"29";"28";"50"
"11485";"3000   ";"A045285";"394100 ";"2005JJ00";"29";"29";"28";"49"
"11486";"3000   ";"A045285";"394100 ";"2006JJ00";"28";"28";"27";"47"
"11487";"3000   ";"A045285";"394100 ";"2007JJ00";"27";"28";"26";"46"
"11488";"3000   ";"A045285";"394100 ";"2008JJ00";"26";"26";"25";"43"
"11489";"3000   ";"A045285";"394100 ";"2009JJ00";"24";"24";"22";"40"
"11490";"3000   ";"A045285";"394100 ";"2010JJ00";"22";"22";"21";"38"
"11491";"3000   ";"A045285";"394100 ";"2011JJ00";"22";"22";"21";"38"
"11492";"3000   ";"A045285";"394100 ";"2012JJ00";"22";"22";"21";"37"
"11493";"3000   ";"A045285";"394100 ";"2013JJ00";"22";"22";"21";"38"
"11494";"3000   ";"A045285";"394100 ";"2014JJ00";"22";"22";"21";"39"
"11495";"3000   ";"A045285";"394100 ";"2015JJ00";"22";"22";"21";"38"
"11496";"3000   ";"A045285";"394100 ";"2016JJ00";"22";"22";"21";"39"
"11497";"3000   ";"A045285";"394100 ";"2017JJ00";"23";"23";"22";"39"
"11498";"3000   ";"A045285";"394100 ";"2018JJ00";"22";"22";"21";"37"
"11499";"3000   ";"A045285";"394100 ";"2019JJ00";"21";"21";"20";"35"
"11500";"3000   ";"A045285";"395005 ";"1995JJ00";"38";"39";"38";"68"
"11501";"3000   ";"A045285";"395005 ";"1996JJ00";"49";"50";"49";"88"
"11502";"3000   ";"A045285";"395005 ";"1997JJ00";"59";"60";"58";"104"
"11503";"3000   ";"A045285";"395005 ";"1998JJ00";"73";"74";"71";"127"
"11504";"3000   ";"A045285";"395005 ";"1999JJ00";"83";"86";"82";"148"
"11505";"3000   ";"A045285";"395005 ";"2000JJ00";"89";"92";"89";"159"
"11506";"3000   ";"A045285";"395005 ";"2001JJ00";"96";"98";"94";"168"
"11507";"3000   ";"A045285";"395005 ";"2002JJ00";"92";"94";"89";"160"
"11508";"3000   ";"A045285";"395005 ";"2003JJ00";"90";"92";"88";"154"
"11509";"3000   ";"A045285";"395005 ";"2004JJ00";"89";"90";"87";"155"
"11510";"3000   ";"A045285";"395005 ";"2005JJ00";"95";"97";"93";"166"
"11511";"3000   ";"A045285";"395005 ";"2006JJ00";"100";"102";"98";"173"
"11512";"3000   ";"A045285";"395005 ";"2007JJ00";"108";"111";"105";"186"
"11513";"3000   ";"A045285";"395005 ";"2008JJ00";"115";"118";"112";"199"
"11514";"3000   ";"A045285";"395005 ";"2009JJ00";"115";"118";"112";"200"
"11515";"3000   ";"A045285";"395005 ";"2010JJ00";"114";"116";"110";"197"
"11516";"3000   ";"A045285";"395005 ";"2011JJ00";"115";"118";"112";"201"
"11517";"3000   ";"A045285";"395005 ";"2012JJ00";"117";"120";"113";"203"
"11518";"3000   ";"A045285";"395005 ";"2013JJ00";"116";"119";"112";"202"
"11519";"3000   ";"A045285";"395005 ";"2014JJ00";"120";"122";"116";"211"
"11520";"3000   ";"A045285";"395005 ";"2015JJ00";"125";"128";"121";"219"
"11521";"3000   ";"A045285";"395005 ";"2016JJ00";"131";"134";"126";"227"
"11522";"3000   ";"A045285";"395005 ";"2017JJ00";"139";"143";"133";"239"
"11523";"3000   ";"A045285";"395005 ";"2018JJ00";"147";"151";"141";"253"
"11524";"3000   ";"A045285";"395005 ";"2019JJ00";"155";"159";"149";"265"
"11675";"3000   ";"A045285";"300010 ";"1995JJ00";"476";"513";"429";"756"
"11676";"3000   ";"A045285";"300010 ";"1996JJ00";"540";"576";"476";"845"
"11677";"3000   ";"A045285";"300010 ";"1997JJ00";"580";"624";"512";"900"
"11678";"3000   ";"A045285";"300010 ";"1998JJ00";"605";"656";"535";"934"
"11679";"3000   ";"A045285";"300010 ";"1999JJ00";"636";"692";"560";"982"
"11680";"3000   ";"A045285";"300010 ";"2000JJ00";"655";"715";"576";"1004"
"11681";"3000   ";"A045285";"300010 ";"2001JJ00";"667";"720";"583";"1018"
"11682";"3000   ";"A045285";"300010 ";"2002JJ00";"663";"709";"571";"1004"
"11683";"3000   ";"A045285";"300010 ";"2003JJ00";"649";"690";"556";"981"
"11684";"3000   ";"A045285";"300010 ";"2004JJ00";"647";"695";"560";"995"
"11685";"3000   ";"A045285";"300010 ";"2005JJ00";"677";"728";"577";"1018"
"11686";"3000   ";"A045285";"300010 ";"2006JJ00";"730";"786";"617";"1076"
"11687";"3000   ";"A045285";"300010 ";"2007JJ00";"780";"840";"659";"1146"
"11688";"3000   ";"A045285";"300010 ";"2008JJ00";"807";"866";"681";"1190"
"11689";"3000   ";"A045285";"300010 ";"2009JJ00";"764";"817";"642";"1117"
"11690";"3000   ";"A045285";"300010 ";"2010JJ00";"733";"800";"639";"1137"
"11691";"3000   ";"A045285";"300010 ";"2011JJ00";"750";"817";"651";"1166"
"11692";"3000   ";"A045285";"300010 ";"2012JJ00";"744";"810";"644";"1152"
"11693";"3000   ";"A045285";"300010 ";"2013JJ00";"740";"805";"640";"1150"
"11694";"3000   ";"A045285";"300010 ";"2014JJ00";"757";"821";"657";"1187"
"11695";"3000   ";"A045285";"300010 ";"2015JJ00";"803";"862";"688";"1241"
"11696";"3000   ";"A045285";"300010 ";"2016JJ00";"842";"901";"724";"1308"
"11697";"3000   ";"A045285";"300010 ";"2017JJ00";"886";"951";"763";"1378"
"11698";"3000   ";"A045285";"300010 ";"2018JJ00";"923";"990";"797";"1429"
"11699";"3000   ";"A045285";"300010 ";"2019JJ00";"929";"996";"803";"1441"
"11750";"3000   ";"A045285";"403405 ";"1995JJ00";"183";"191";"177";"328"
"11751";"3000   ";"A045285";"403405 ";"1996JJ00";"190";"193";"180";"335"
"11752";"3000   ";"A045285";"403405 ";"1997JJ00";"197";"202";"189";"350"
"11753";"3000   ";"A045285";"403405 ";"1998JJ00";"204";"208";"195";"361"
"11754";"3000   ";"A045285";"403405 ";"1999JJ00";"217";"222";"206";"382"
"11755";"3000   ";"A045285";"403405 ";"2000JJ00";"228";"233";"215";"396"
"11756";"3000   ";"A045285";"403405 ";"2001JJ00";"237";"243";"227";"414"
"11757";"3000   ";"A045285";"403405 ";"2002JJ00";"241";"246";"228";"413"
"11758";"3000   ";"A045285";"403405 ";"2003JJ00";"235";"239";"224";"402"
"11759";"3000   ";"A045285";"403405 ";"2004JJ00";"237";"245";"227";"413"
"11760";"3000   ";"A045285";"403405 ";"2005JJ00";"237";"244";"228";"410"
"11761";"3000   ";"A045285";"403405 ";"2006JJ00";"246";"254";"235";"420"
"11762";"3000   ";"A045285";"403405 ";"2007JJ00";"255";"263";"242";"432"
"11763";"3000   ";"A045285";"403405 ";"2008JJ00";"269";"274";"249";"446"
"11764";"3000   ";"A045285";"403405 ";"2009JJ00";"268";"272";"251";"446"
"11765";"3000   ";"A045285";"403405 ";"2010JJ00";"246";"264";"242";"432"
"11766";"3000   ";"A045285";"403405 ";"2011JJ00";"246";"263";"242";"431"
"11767";"3000   ";"A045285";"403405 ";"2012JJ00";"245";"263";"242";"432"
"11768";"3000   ";"A045285";"403405 ";"2013JJ00";"241";"259";"237";"428"
"11769";"3000   ";"A045285";"403405 ";"2014JJ00";"243";"261";"239";"434"
"11770";"3000   ";"A045285";"403405 ";"2015JJ00";"253";"263";"240";"434"
"11771";"3000   ";"A045285";"403405 ";"2016JJ00";"260";"270";"246";"447"
"11772";"3000   ";"A045285";"403405 ";"2017JJ00";"263";"273";"249";"448"
"11773";"3000   ";"A045285";"403405 ";"2018JJ00";"272";"283";"257";"461"
"11774";"3000   ";"A045285";"403405 ";"2019JJ00";"281";"292";"264";"474"
"13975";"3000   ";"A045286";"394100 ";"1995JJ00";"0";"1";"0";"1"
"13976";"3000   ";"A045286";"394100 ";"1996JJ00";"1";"1";"0";"1"
"13977";"3000   ";"A045286";"394100 ";"1997JJ00";"1";"1";"1";"1"
"13978";"3000   ";"A045286";"394100 ";"1998JJ00";"1";"1";"1";"1"
"13979";"3000   ";"A045286";"394100 ";"1999JJ00";"0";"1";"0";"1"
"13980";"3000   ";"A045286";"394100 ";"2000JJ00";"1";"1";"1";"1"
"13981";"3000   ";"A045286";"394100 ";"2001JJ00";"1";"1";"1";"1"
"13982";"3000   ";"A045286";"394100 ";"2002JJ00";"1";"1";"1";"1"
"13983";"3000   ";"A045286";"394100 ";"2003JJ00";"1";"1";"1";"2"
"13984";"3000   ";"A045286";"394100 ";"2004JJ00";"1";"1";"1";"2"
"13985";"3000   ";"A045286";"394100 ";"2005JJ00";"1";"1";"1";"2"
"13986";"3000   ";"A045286";"394100 ";"2006JJ00";"1";"1";"1";"2"
"13987";"3000   ";"A045286";"394100 ";"2007JJ00";"1";"1";"1";"2"
"13988";"3000   ";"A045286";"394100 ";"2008JJ00";"1";"1";"1";"1"
"13989";"3000   ";"A045286";"394100 ";"2009JJ00";"1";"1";"1";"1"
"13990";"3000   ";"A045286";"394100 ";"2010JJ00";"0";"1";"0";"1"
"13991";"3000   ";"A045286";"394100 ";"2011JJ00";"0";"1";"0";"1"
"13992";"3000   ";"A045286";"394100 ";"2012JJ00";"0";"1";"0";"1"
"13993";"3000   ";"A045286";"394100 ";"2013JJ00";"0";"1";"0";"1"
"13994";"3000   ";"A045286";"394100 ";"2014JJ00";"0";"1";"0";"1"
"13995";"3000   ";"A045286";"394100 ";"2015JJ00";"0";"1";"0";"1"
"13996";"3000   ";"A045286";"394100 ";"2016JJ00";"0";"1";"0";"1"
"13997";"3000   ";"A045286";"394100 ";"2017JJ00";"0";"1";"0";"1"
"13998";"3000   ";"A045286";"394100 ";"2018JJ00";"0";"0";"0";"1"
"13999";"3000   ";"A045286";"394100 ";"2019JJ00";"0";"0";"0";"1"
"14000";"3000   ";"A045286";"395005 ";"1995JJ00";"7";"11";"8";"21"
"14001";"3000   ";"A045286";"395005 ";"1996JJ00";"9";"13";"10";"24"
"14002";"3000   ";"A045286";"395005 ";"1997JJ00";"11";"15";"11";"27"
"14003";"3000   ";"A045286";"395005 ";"1998JJ00";"11";"15";"11";"26"
"14004";"3000   ";"A045286";"395005 ";"1999JJ00";"9";"15";"10";"24"
"14005";"3000   ";"A045286";"395005 ";"2000JJ00";"10";"15";"10";"24"
"14006";"3000   ";"A045286";"395005 ";"2001JJ00";"11";"16";"11";"25"
"14007";"3000   ";"A045286";"395005 ";"2002JJ00";"11";"16";"11";"26"
"14008";"3000   ";"A045286";"395005 ";"2003JJ00";"12";"17";"11";"25"
"14009";"3000   ";"A045286";"395005 ";"2004JJ00";"13";"20";"13";"29"
"14010";"3000   ";"A045286";"395005 ";"2005JJ00";"15";"22";"14";"33"
"14011";"3000   ";"A045286";"395005 ";"2006JJ00";"15";"22";"15";"33"
"14012";"3000   ";"A045286";"395005 ";"2007JJ00";"16";"24";"16";"36"
"14013";"3000   ";"A045286";"395005 ";"2008JJ00";"18";"27";"18";"42"
"14014";"3000   ";"A045286";"395005 ";"2009JJ00";"18";"28";"19";"43"
"14015";"3000   ";"A045286";"395005 ";"2010JJ00";"19";"30";"21";"48"
"14016";"3000   ";"A045286";"395005 ";"2011JJ00";"21";"33";"23";"51"
"14017";"3000   ";"A045286";"395005 ";"2012JJ00";"22";"35";"24";"52"
"14018";"3000   ";"A045286";"395005 ";"2013JJ00";"23";"36";"25";"53"
"14019";"3000   ";"A045286";"395005 ";"2014JJ00";"24";"37";"26";"56"
"14020";"3000   ";"A045286";"395005 ";"2015JJ00";"24";"39";"27";"57"
"14021";"3000   ";"A045286";"395005 ";"2016JJ00";"25";"40";"28";"59"
"14022";"3000   ";"A045286";"395005 ";"2017JJ00";"26";"41";"28";"59"
"14023";"3000   ";"A045286";"395005 ";"2018JJ00";"26";"42";"29";"60"
"14024";"3000   ";"A045286";"395005 ";"2019JJ00";"27";"43";"30";"60"
"14175";"3000   ";"A045286";"300010 ";"1995JJ00";"120";"150";"75";"184"
"14176";"3000   ";"A045286";"300010 ";"1996JJ00";"118";"151";"78";"196"
"14177";"3000   ";"A045286";"300010 ";"1997JJ00";"123";"150";"80";"194"
"14178";"3000   ";"A045286";"300010 ";"1998JJ00";"119";"148";"80";"194"
"14179";"3000   ";"A045286";"300010 ";"1999JJ00";"117";"151";"82";"197"
"14180";"3000   ";"A045286";"300010 ";"2000JJ00";"113";"148";"78";"192"
"14181";"3000   ";"A045286";"300010 ";"2001JJ00";"113";"145";"75";"181"
"14182";"3000   ";"A045286";"300010 ";"2002JJ00";"113";"145";"74";"177"
"14183";"3000   ";"A045286";"300010 ";"2003JJ00";"116";"148";"76";"184"
"14184";"3000   ";"A045286";"300010 ";"2004JJ00";"121";"156";"83";"198"
"14185";"3000   ";"A045286";"300010 ";"2005JJ00";"115";"150";"79";"189"
"14186";"3000   ";"A045286";"300010 ";"2006JJ00";"118";"156";"84";"197"
"14187";"3000   ";"A045286";"300010 ";"2007JJ00";"128";"171";"94";"220"
"14188";"3000   ";"A045286";"300010 ";"2008JJ00";"129";"174";"98";"228"
"14189";"3000   ";"A045286";"300010 ";"2009JJ00";"125";"171";"97";"223"
"14190";"3000   ";"A045286";"300010 ";"2010JJ00";"137";"189";"110";"251"
"14191";"3000   ";"A045286";"300010 ";"2011JJ00";"145";"203";"118";"264"
"14192";"3000   ";"A045286";"300010 ";"2012JJ00";"150";"206";"122";"267"
"14193";"3000   ";"A045286";"300010 ";"2013JJ00";"152";"208";"123";"268"
"14194";"3000   ";"A045286";"300010 ";"2014JJ00";"158";"214";"127";"280"
"14195";"3000   ";"A045286";"300010 ";"2015JJ00";"159";"222";"134";"296"
"14196";"3000   ";"A045286";"300010 ";"2016JJ00";"161";"226";"138";"302"
"14197";"3000   ";"A045286";"300010 ";"2017JJ00";"163";"230";"143";"309"
"14198";"3000   ";"A045286";"300010 ";"2018JJ00";"166";"237";"147";"314"
"14199";"3000   ";"A045286";"300010 ";"2019JJ00";"169";"242";"150";"317"
"14250";"3000   ";"A045286";"403405 ";"1995JJ00";"35";"43";"29";"73"
"14251";"3000   ";"A045286";"403405 ";"1996JJ00";"39";"49";"32";"83"
"14252";"3000   ";"A045286";"403405 ";"1997JJ00";"36";"43";"31";"76"
"14253";"3000   ";"A045286";"403405 ";"1998JJ00";"35";"43";"31";"77"
"14254";"3000   ";"A045286";"403405 ";"1999JJ00";"36";"46";"32";"76"
"14255";"3000   ";"A045286";"403405 ";"2000JJ00";"36";"46";"31";"76"
"14256";"3000   ";"A045286";"403405 ";"2001JJ00";"38";"49";"31";"76"
"14257";"3000   ";"A045286";"403405 ";"2002JJ00";"39";"50";"31";"74"
"14258";"3000   ";"A045286";"403405 ";"2003JJ00";"41";"52";"33";"79"
"14259";"3000   ";"A045286";"403405 ";"2004JJ00";"45";"58";"36";"87"
"14260";"3000   ";"A045286";"403405 ";"2005JJ00";"42";"55";"35";"83"
"14261";"3000   ";"A045286";"403405 ";"2006JJ00";"45";"59";"38";"89"
"14262";"3000   ";"A045286";"403405 ";"2007JJ00";"51";"68";"44";"101"
"14263";"3000   ";"A045286";"403405 ";"2008JJ00";"52";"70";"46";"107"
"14264";"3000   ";"A045286";"403405 ";"2009JJ00";"51";"70";"46";"106"
"14265";"3000   ";"A045286";"403405 ";"2010JJ00";"58";"80";"54";"122"
"14266";"3000   ";"A045286";"403405 ";"2011JJ00";"62";"86";"57";"128"
"14267";"3000   ";"A045286";"403405 ";"2012JJ00";"65";"89";"60";"130"
"14268";"3000   ";"A045286";"403405 ";"2013JJ00";"68";"91";"61";"132"
"14269";"3000   ";"A045286";"403405 ";"2014JJ00";"72";"95";"63";"138"
"14270";"3000   ";"A045286";"403405 ";"2015JJ00";"73";"99";"67";"147"
"14271";"3000   ";"A045286";"403405 ";"2016JJ00";"75";"102";"68";"152"
"14272";"3000   ";"A045286";"403405 ";"2017JJ00";"76";"104";"71";"155"
"14273";"3000   ";"A045286";"403405 ";"2018JJ00";"77";"107";"73";"158"
"14274";"3000   ";"A045286";"403405 ";"2019JJ00";"78";"109";"75";"159"
"16475";"4000   ";"T001413";"394100 ";"1995JJ00";"9";"9";"6";"13"
"16476";"4000   ";"T001413";"394100 ";"1996JJ00";"9";"10";"6";"15"
"16477";"4000   ";"T001413";"394100 ";"1997JJ00";"10";"10";"7";"16"
"16478";"4000   ";"T001413";"394100 ";"1998JJ00";"12";"13";"8";"19"
"16479";"4000   ";"T001413";"394100 ";"1999JJ00";"14";"15";"10";"22"
"16480";"4000   ";"T001413";"394100 ";"2000JJ00";"18";"19";"12";"28"
"16481";"4000   ";"T001413";"394100 ";"2001JJ00";"21";"21";"18";"31"
"16482";"4000   ";"T001413";"394100 ";"2002JJ00";"18";"18";"15";"26"
"16483";"4000   ";"T001413";"394100 ";"2003JJ00";"15";"15";"12";"21"
"16484";"4000   ";"T001413";"394100 ";"2004JJ00";"15";"15";"12";"22"
"16485";"4000   ";"T001413";"394100 ";"2005JJ00";"13";"14";"11";"19"
"16486";"4000   ";"T001413";"394100 ";"2006JJ00";"13";"14";"11";"19"
"16487";"4000   ";"T001413";"394100 ";"2007JJ00";"13";"13";"10";"19"
"16488";"4000   ";"T001413";"394100 ";"2008JJ00";"12";"13";"10";"17"
"16489";"4000   ";"T001413";"394100 ";"2009JJ00";"12";"12";"9";"17"
"16490";"4000   ";"T001413";"394100 ";"2010JJ00";"10";"10";"8";"14"
"16491";"4000   ";"T001413";"394100 ";"2011JJ00";"10";"10";"8";"14"
"16492";"4000   ";"T001413";"394100 ";"2012JJ00";"10";"10";"8";"14"
"16493";"4000   ";"T001413";"394100 ";"2013JJ00";"9";"9";"7";"13"
"16494";"4000   ";"T001413";"394100 ";"2014JJ00";"9";"9";"7";"13"
"16495";"4000   ";"T001413";"394100 ";"2015JJ00";"8";"8";"7";"12"
"16496";"4000   ";"T001413";"394100 ";"2016JJ00";"8";"8";"7";"12"
"16497";"4000   ";"T001413";"394100 ";"2017JJ00";"8";"8";"7";"12"
"16498";"4000   ";"T001413";"394100 ";"2018JJ00";"7";"8";"6";"11"
"16499";"4000   ";"T001413";"394100 ";"2019JJ00";"7";"7";"6";"10"
"16500";"4000   ";"T001413";"395005 ";"1995JJ00";"10";"10";"9";"16"
"16501";"4000   ";"T001413";"395005 ";"1996JJ00";"13";"14";"11";"20"
"16502";"4000   ";"T001413";"395005 ";"1997JJ00";"17";"18";"16";"29"
"16503";"4000   ";"T001413";"395005 ";"1998JJ00";"20";"21";"17";"32"
"16504";"4000   ";"T001413";"395005 ";"1999JJ00";"24";"25";"21";"39"
"16505";"4000   ";"T001413";"395005 ";"2000JJ00";"26";"27";"23";"42"
"16506";"4000   ";"T001413";"395005 ";"2001JJ00";"29";"31";"25";"45"
"16507";"4000   ";"T001413";"395005 ";"2002JJ00";"28";"29";"23";"41"
"16508";"4000   ";"T001413";"395005 ";"2003JJ00";"26";"27";"21";"38"
"16509";"4000   ";"T001413";"395005 ";"2004JJ00";"24";"26";"20";"37"
"16510";"4000   ";"T001413";"395005 ";"2005JJ00";"25";"27";"21";"38"
"16511";"4000   ";"T001413";"395005 ";"2006JJ00";"28";"30";"23";"42"
"16512";"4000   ";"T001413";"395005 ";"2007JJ00";"30";"33";"25";"46"
"16513";"4000   ";"T001413";"395005 ";"2008JJ00";"33";"35";"27";"49"
"16514";"4000   ";"T001413";"395005 ";"2009JJ00";"33";"35";"27";"49"
"16515";"4000   ";"T001413";"395005 ";"2010JJ00";"31";"34";"26";"45"
"16516";"4000   ";"T001413";"395005 ";"2011JJ00";"32";"35";"26";"46"
"16517";"4000   ";"T001413";"395005 ";"2012JJ00";"33";"35";"27";"48"
"16518";"4000   ";"T001413";"395005 ";"2013JJ00";"33";"36";"27";"48"
"16519";"4000   ";"T001413";"395005 ";"2014JJ00";"34";"37";"28";"50"
"16520";"4000   ";"T001413";"395005 ";"2015JJ00";"37";"41";"31";"55"
"16521";"4000   ";"T001413";"395005 ";"2016JJ00";"40";"44";"34";"59"
"16522";"4000   ";"T001413";"395005 ";"2017JJ00";"44";"48";"37";"65"
"16523";"4000   ";"T001413";"395005 ";"2018JJ00";"48";"52";"40";"71"
"16524";"4000   ";"T001413";"395005 ";"2019JJ00";"51";"56";"44";"77"
"16675";"4000   ";"T001413";"300010 ";"1995JJ00";"687";"827";"357";"632"
"16676";"4000   ";"T001413";"300010 ";"1996JJ00";"718";"863";"381";"679"
"16677";"4000   ";"T001413";"300010 ";"1997JJ00";"744";"888";"398";"704"
"16678";"4000   ";"T001413";"300010 ";"1998JJ00";"777";"927";"423";"748"
"16679";"4000   ";"T001413";"300010 ";"1999JJ00";"807";"960";"443";"783"
"16680";"4000   ";"T001413";"300010 ";"2000JJ00";"801";"945";"450";"794"
"16681";"4000   ";"T001413";"300010 ";"2001JJ00";"799";"933";"455";"801"
"16682";"4000   ";"T001413";"300010 ";"2002JJ00";"801";"931";"450";"791"
"16683";"4000   ";"T001413";"300010 ";"2003JJ00";"782";"909";"431";"771"
"16684";"4000   ";"T001413";"300010 ";"2004JJ00";"768";"911";"433";"781"
"16685";"4000   ";"T001413";"300010 ";"2005JJ00";"787";"935";"447";"796"
"16686";"4000   ";"T001413";"300010 ";"2006JJ00";"822";"976";"474";"845"
"16687";"4000   ";"T001413";"300010 ";"2007JJ00";"858";"1020";"504";"896"
"16688";"4000   ";"T001413";"300010 ";"2008JJ00";"870";"1039";"521";"928"
"16689";"4000   ";"T001413";"300010 ";"2009JJ00";"857";"1027";"509";"905"
"16690";"4000   ";"T001413";"300010 ";"2010JJ00";"823";"984";"478";"843"
"16691";"4000   ";"T001413";"300010 ";"2011JJ00";"829";"995";"486";"855"
"16692";"4000   ";"T001413";"300010 ";"2012JJ00";"832";"997";"487";"857"
"16693";"4000   ";"T001413";"300010 ";"2013JJ00";"830";"996";"485";"862"
"16694";"4000   ";"T001413";"300010 ";"2014JJ00";"845";"1012";"498";"888"
"16695";"4000   ";"T001413";"300010 ";"2015JJ00";"871";"1053";"527";"938"
"16696";"4000   ";"T001413";"300010 ";"2016JJ00";"904";"1089";"553";"984"
"16697";"4000   ";"T001413";"300010 ";"2017JJ00";"939";"1132";"579";"1034"
"16698";"4000   ";"T001413";"300010 ";"2018JJ00";"969";"1170";"609";"1078"
"16699";"4000   ";"T001413";"300010 ";"2019JJ00";"982";"1186";"624";"1102"
"16750";"4000   ";"T001413";"403405 ";"1995JJ00";"119";"131";"93";"161"
"16751";"4000   ";"T001413";"403405 ";"1996JJ00";"130";"146";"103";"182"
"16752";"4000   ";"T001413";"403405 ";"1997JJ00";"128";"141";"105";"184"
"16753";"4000   ";"T001413";"403405 ";"1998JJ00";"138";"152";"112";"197"
"16754";"4000   ";"T001413";"403405 ";"1999JJ00";"144";"159";"119";"210"
"16755";"4000   ";"T001413";"403405 ";"2000JJ00";"155";"172";"129";"226"
"16756";"4000   ";"T001413";"403405 ";"2001JJ00";"169";"179";"136";"242"
"16757";"4000   ";"T001413";"403405 ";"2002JJ00";"178";"188";"141";"245"
"16758";"4000   ";"T001413";"403405 ";"2003JJ00";"177";"188";"136";"242"
"16759";"4000   ";"T001413";"403405 ";"2004JJ00";"175";"185";"131";"237"
"16760";"4000   ";"T001413";"403405 ";"2005JJ00";"173";"184";"130";"232"
"16761";"4000   ";"T001413";"403405 ";"2006JJ00";"181";"193";"136";"243"
"16762";"4000   ";"T001413";"403405 ";"2007JJ00";"190";"205";"144";"258"
"16763";"4000   ";"T001413";"403405 ";"2008JJ00";"196";"214";"151";"270"
"16764";"4000   ";"T001413";"403405 ";"2009JJ00";"200";"220";"155";"276"
"16765";"4000   ";"T001413";"403405 ";"2010JJ00";"186";"198";"139";"244"
"16766";"4000   ";"T001413";"403405 ";"2011JJ00";"186";"199";"140";"245"
"16767";"4000   ";"T001413";"403405 ";"2012JJ00";"187";"201";"140";"246"
"16768";"4000   ";"T001413";"403405 ";"2013JJ00";"185";"200";"138";"245"
"16769";"4000   ";"T001413";"403405 ";"2014JJ00";"187";"202";"140";"251"
"16770";"4000   ";"T001413";"403405 ";"2015JJ00";"183";"207";"146";"263"
"16771";"4000   ";"T001413";"403405 ";"2016JJ00";"189";"214";"150";"271"
"16772";"4000   ";"T001413";"403405 ";"2017JJ00";"193";"219";"154";"277"
"16773";"4000   ";"T001413";"403405 ";"2018JJ00";"200";"228";"160";"286"
"16774";"4000   ";"T001413";"403405 ";"2019JJ00";"207";"236";"167";"297"
"18975";"4000   ";"A045285";"394100 ";"1995JJ00";"8";"9";"5";"13"
"18976";"4000   ";"A045285";"394100 ";"1996JJ00";"8";"9";"6";"14"
"18977";"4000   ";"A045285";"394100 ";"1997JJ00";"9";"10";"6";"16"
"18978";"4000   ";"A045285";"394100 ";"1998JJ00";"11";"12";"8";"18"
"18979";"4000   ";"A045285";"394100 ";"1999JJ00";"13";"14";"9";"21"
"18980";"4000   ";"A045285";"394100 ";"2000JJ00";"18";"19";"12";"27"
"18981";"4000   ";"A045285";"394100 ";"2001JJ00";"21";"21";"18";"30"
"18982";"4000   ";"A045285";"394100 ";"2002JJ00";"17";"18";"15";"25"
"18983";"4000   ";"A045285";"394100 ";"2003JJ00";"14";"14";"12";"21"
"18984";"4000   ";"A045285";"394100 ";"2004JJ00";"14";"14";"12";"21"
"18985";"4000   ";"A045285";"394100 ";"2005JJ00";"13";"13";"10";"18"
"18986";"4000   ";"A045285";"394100 ";"2006JJ00";"13";"13";"11";"19"
"18987";"4000   ";"A045285";"394100 ";"2007JJ00";"13";"13";"10";"18"
"18988";"4000   ";"A045285";"394100 ";"2008JJ00";"12";"12";"10";"17"
"18989";"4000   ";"A045285";"394100 ";"2009JJ00";"12";"12";"9";"17"
"18990";"4000   ";"A045285";"394100 ";"2010JJ00";"10";"10";"8";"14"
"18991";"4000   ";"A045285";"394100 ";"2011JJ00";"10";"10";"8";"14"
"18992";"4000   ";"A045285";"394100 ";"2012JJ00";"10";"10";"8";"14"
"18993";"4000   ";"A045285";"394100 ";"2013JJ00";"9";"9";"7";"13"
"18994";"4000   ";"A045285";"394100 ";"2014JJ00";"9";"9";"7";"13"
"18995";"4000   ";"A045285";"394100 ";"2015JJ00";"8";"8";"7";"12"
"18996";"4000   ";"A045285";"394100 ";"2016JJ00";"8";"8";"7";"12"
"18997";"4000   ";"A045285";"394100 ";"2017JJ00";"8";"8";"7";"12"
"18998";"4000   ";"A045285";"394100 ";"2018JJ00";"7";"7";"6";"11"
"18999";"4000   ";"A045285";"394100 ";"2019JJ00";"7";"7";"6";"10"
"19000";"4000   ";"A045285";"395005 ";"1995JJ00";"9";"9";"8";"14"
"19001";"4000   ";"A045285";"395005 ";"1996JJ00";"11";"12";"10";"18"
"19002";"4000   ";"A045285";"395005 ";"1997JJ00";"14";"14";"13";"23"
"19003";"4000   ";"A045285";"395005 ";"1998JJ00";"18";"18";"16";"29"
"19004";"4000   ";"A045285";"395005 ";"1999JJ00";"21";"21";"19";"34"
"19005";"4000   ";"A045285";"395005 ";"2000JJ00";"24";"24";"21";"38"
"19006";"4000   ";"A045285";"395005 ";"2001JJ00";"27";"28";"23";"42"
"19007";"4000   ";"A045285";"395005 ";"2002JJ00";"25";"26";"21";"36"
"19008";"4000   ";"A045285";"395005 ";"2003JJ00";"23";"24";"19";"33"
"19009";"4000   ";"A045285";"395005 ";"2004JJ00";"21";"22";"18";"32"
"19010";"4000   ";"A045285";"395005 ";"2005JJ00";"22";"23";"19";"33"
"19011";"4000   ";"A045285";"395005 ";"2006JJ00";"25";"26";"21";"37"
"19012";"4000   ";"A045285";"395005 ";"2007JJ00";"27";"28";"23";"40"
"19013";"4000   ";"A045285";"395005 ";"2008JJ00";"29";"31";"25";"43"
"19014";"4000   ";"A045285";"395005 ";"2009JJ00";"29";"31";"24";"43"
"19015";"4000   ";"A045285";"395005 ";"2010JJ00";"27";"29";"22";"38"
"19016";"4000   ";"A045285";"395005 ";"2011JJ00";"28";"29";"23";"39"
"19017";"4000   ";"A045285";"395005 ";"2012JJ00";"29";"30";"23";"40"
"19018";"4000   ";"A045285";"395005 ";"2013JJ00";"29";"30";"23";"41"
"19019";"4000   ";"A045285";"395005 ";"2014JJ00";"30";"31";"25";"43"
"19020";"4000   ";"A045285";"395005 ";"2015JJ00";"33";"34";"27";"48"
"19021";"4000   ";"A045285";"395005 ";"2016JJ00";"36";"37";"30";"52"
"19022";"4000   ";"A045285";"395005 ";"2017JJ00";"39";"41";"33";"57"
"19023";"4000   ";"A045285";"395005 ";"2018JJ00";"43";"45";"36";"63"
"19024";"4000   ";"A045285";"395005 ";"2019JJ00";"47";"49";"40";"69"
"19175";"4000   ";"A045285";"300010 ";"1995JJ00";"391";"434";"261";"441"
"19176";"4000   ";"A045285";"300010 ";"1996JJ00";"420";"465";"283";"482"
"19177";"4000   ";"A045285";"300010 ";"1997JJ00";"449";"495";"300";"508"
"19178";"4000   ";"A045285";"300010 ";"1998JJ00";"483";"538";"325";"551"
"19179";"4000   ";"A045285";"300010 ";"1999JJ00";"504";"554";"340";"578"
"19180";"4000   ";"A045285";"300010 ";"2000JJ00";"517";"567";"352";"594"
"19181";"4000   ";"A045285";"300010 ";"2001JJ00";"523";"571";"358";"606"
"19182";"4000   ";"A045285";"300010 ";"2002JJ00";"517";"560";"349";"593"
"19183";"4000   ";"A045285";"300010 ";"2003JJ00";"496";"535";"331";"573"
"19184";"4000   ";"A045285";"300010 ";"2004JJ00";"473";"525";"326";"569"
"19185";"4000   ";"A045285";"300010 ";"2005JJ00";"495";"552";"341";"587"
"19186";"4000   ";"A045285";"300010 ";"2006JJ00";"528";"588";"364";"627"
"19187";"4000   ";"A045285";"300010 ";"2007JJ00";"563";"628";"389";"667"
"19188";"4000   ";"A045285";"300010 ";"2008JJ00";"575";"644";"405";"698"
"19189";"4000   ";"A045285";"300010 ";"2009JJ00";"555";"621";"388";"665"
"19190";"4000   ";"A045285";"300010 ";"2010JJ00";"515";"568";"352";"591"
"19191";"4000   ";"A045285";"300010 ";"2011JJ00";"514";"568";"352";"596"
"19192";"4000   ";"A045285";"300010 ";"2012JJ00";"514";"567";"352";"596"
"19193";"4000   ";"A045285";"300010 ";"2013JJ00";"507";"560";"348";"593"
"19194";"4000   ";"A045285";"300010 ";"2014JJ00";"518";"570";"357";"610"
"19195";"4000   ";"A045285";"300010 ";"2015JJ00";"542";"605";"380";"649"
"19196";"4000   ";"A045285";"300010 ";"2016JJ00";"572";"637";"404";"692"
"19197";"4000   ";"A045285";"300010 ";"2017JJ00";"602";"672";"427";"736"
"19198";"4000   ";"A045285";"300010 ";"2018JJ00";"629";"702";"454";"776"
"19199";"4000   ";"A045285";"300010 ";"2019JJ00";"638";"712";"466";"799"
"19250";"4000   ";"A045285";"403405 ";"1995JJ00";"105";"114";"86";"146"
"19251";"4000   ";"A045285";"403405 ";"1996JJ00";"114";"124";"96";"163"
"19252";"4000   ";"A045285";"403405 ";"1997JJ00";"112";"121";"96";"164"
"19253";"4000   ";"A045285";"403405 ";"1998JJ00";"121";"131";"104";"178"
"19254";"4000   ";"A045285";"403405 ";"1999JJ00";"126";"137";"109";"188"
"19255";"4000   ";"A045285";"403405 ";"2000JJ00";"137";"149";"118";"201"
"19256";"4000   ";"A045285";"403405 ";"2001JJ00";"150";"157";"124";"215"
"19257";"4000   ";"A045285";"403405 ";"2002JJ00";"157";"165";"128";"217"
"19258";"4000   ";"A045285";"403405 ";"2003JJ00";"155";"164";"123";"214"
"19259";"4000   ";"A045285";"403405 ";"2004JJ00";"150";"157";"115";"204"
"19260";"4000   ";"A045285";"403405 ";"2005JJ00";"150";"157";"115";"200"
"19261";"4000   ";"A045285";"403405 ";"2006JJ00";"156";"163";"119";"207"
"19262";"4000   ";"A045285";"403405 ";"2007JJ00";"163";"171";"124";"217"
"19263";"4000   ";"A045285";"403405 ";"2008JJ00";"169";"180";"131";"229"
"19264";"4000   ";"A045285";"403405 ";"2009JJ00";"172";"184";"133";"231"
"19265";"4000   ";"A045285";"403405 ";"2010JJ00";"157";"159";"116";"195"
"19266";"4000   ";"A045285";"403405 ";"2011JJ00";"155";"157";"115";"194"
"19267";"4000   ";"A045285";"403405 ";"2012JJ00";"154";"157";"115";"193"
"19268";"4000   ";"A045285";"403405 ";"2013JJ00";"150";"153";"111";"189"
"19269";"4000   ";"A045285";"403405 ";"2014JJ00";"151";"153";"112";"191"
"19270";"4000   ";"A045285";"403405 ";"2015JJ00";"146";"156";"115";"197"
"19271";"4000   ";"A045285";"403405 ";"2016JJ00";"150";"160";"118";"205"
"19272";"4000   ";"A045285";"403405 ";"2017JJ00";"153";"164";"121";"209"
"19273";"4000   ";"A045285";"403405 ";"2018JJ00";"159";"170";"126";"217"
"19274";"4000   ";"A045285";"403405 ";"2019JJ00";"166";"177";"132";"228"
"21475";"4000   ";"A045286";"394100 ";"1995JJ00";"0";"0";"0";"0"
"21476";"4000   ";"A045286";"394100 ";"1996JJ00";"0";"1";"0";"0"
"21477";"4000   ";"A045286";"394100 ";"1997JJ00";"0";"0";"0";"0"
"21478";"4000   ";"A045286";"394100 ";"1998JJ00";"0";"1";"0";"1"
"21479";"4000   ";"A045286";"394100 ";"1999JJ00";"1";"1";"1";"1"
"21480";"4000   ";"A045286";"394100 ";"2000JJ00";"0";"1";"0";"1"
"21481";"4000   ";"A045286";"394100 ";"2001JJ00";"0";"1";"0";"1"
"21482";"4000   ";"A045286";"394100 ";"2002JJ00";"0";"1";"0";"1"
"21483";"4000   ";"A045286";"394100 ";"2003JJ00";"0";"1";"0";"1"
"21484";"4000   ";"A045286";"394100 ";"2004JJ00";"1";"1";"0";"1"
"21485";"4000   ";"A045286";"394100 ";"2005JJ00";"0";"1";"0";"0"
"21486";"4000   ";"A045286";"394100 ";"2006JJ00";"0";"1";"0";"0"
"21487";"4000   ";"A045286";"394100 ";"2007JJ00";"0";"0";"0";"0"
"21488";"4000   ";"A045286";"394100 ";"2008JJ00";"0";"0";"0";"0"
"21489";"4000   ";"A045286";"394100 ";"2009JJ00";"0";"0";"0";"0"
"21490";"4000   ";"A045286";"394100 ";"2010JJ00";"0";"0";"0";"0"
"21491";"4000   ";"A045286";"394100 ";"2011JJ00";"0";"0";"0";"0"
"21492";"4000   ";"A045286";"394100 ";"2012JJ00";"0";"0";"0";"0"
"21493";"4000   ";"A045286";"394100 ";"2013JJ00";"0";"0";"0";"0"
"21494";"4000   ";"A045286";"394100 ";"2014JJ00";"0";"0";"0";"0"
"21495";"4000   ";"A045286";"394100 ";"2015JJ00";"0";"0";"0";"0"
"21496";"4000   ";"A045286";"394100 ";"2016JJ00";"0";"0";"0";"0"
"21497";"4000   ";"A045286";"394100 ";"2017JJ00";"0";"0";"0";"0"
"21498";"4000   ";"A045286";"394100 ";"2018JJ00";"0";"0";"0";"0"
"21499";"4000   ";"A045286";"394100 ";"2019JJ00";"0";"0";"0";"0"
"21500";"4000   ";"A045286";"395005 ";"1995JJ00";"1";"1";"1";"2"
"21501";"4000   ";"A045286";"395005 ";"1996JJ00";"1";"2";"1";"2"
"21502";"4000   ";"A045286";"395005 ";"1997JJ00";"3";"3";"3";"6"
"21503";"4000   ";"A045286";"395005 ";"1998JJ00";"2";"3";"2";"3"
"21504";"4000   ";"A045286";"395005 ";"1999JJ00";"3";"4";"2";"5"
"21505";"4000   ";"A045286";"395005 ";"2000JJ00";"3";"3";"2";"4"
"21506";"4000   ";"A045286";"395005 ";"2001JJ00";"3";"3";"2";"3"
"21507";"4000   ";"A045286";"395005 ";"2002JJ00";"3";"3";"2";"5"
"21508";"4000   ";"A045286";"395005 ";"2003JJ00";"3";"3";"2";"5"
"21509";"4000   ";"A045286";"395005 ";"2004JJ00";"3";"4";"2";"5"
"21510";"4000   ";"A045286";"395005 ";"2005JJ00";"3";"4";"2";"5"
"21511";"4000   ";"A045286";"395005 ";"2006JJ00";"3";"4";"3";"5"
"21512";"4000   ";"A045286";"395005 ";"2007JJ00";"3";"4";"3";"6"
"21513";"4000   ";"A045286";"395005 ";"2008JJ00";"3";"5";"3";"6"
"21514";"4000   ";"A045286";"395005 ";"2009JJ00";"4";"5";"3";"6"
"21515";"4000   ";"A045286";"395005 ";"2010JJ00";"4";"5";"3";"7"
"21516";"4000   ";"A045286";"395005 ";"2011JJ00";"4";"5";"4";"7"
"21517";"4000   ";"A045286";"395005 ";"2012JJ00";"4";"6";"3";"8"
"21518";"4000   ";"A045286";"395005 ";"2013JJ00";"4";"6";"3";"7"
"21519";"4000   ";"A045286";"395005 ";"2014JJ00";"4";"6";"3";"7"
"21520";"4000   ";"A045286";"395005 ";"2015JJ00";"4";"6";"4";"8"
"21521";"4000   ";"A045286";"395005 ";"2016JJ00";"4";"6";"4";"7"
"21522";"4000   ";"A045286";"395005 ";"2017JJ00";"5";"7";"4";"8"
"21523";"4000   ";"A045286";"395005 ";"2018JJ00";"5";"7";"4";"8"
"21524";"4000   ";"A045286";"395005 ";"2019JJ00";"5";"7";"4";"8"
"21675";"4000   ";"A045286";"300010 ";"1995JJ00";"296";"393";"95";"191"
"21676";"4000   ";"A045286";"300010 ";"1996JJ00";"298";"398";"98";"197"
"21677";"4000   ";"A045286";"300010 ";"1997JJ00";"295";"393";"98";"196"
"21678";"4000   ";"A045286";"300010 ";"1998JJ00";"294";"389";"99";"198"
"21679";"4000   ";"A045286";"300010 ";"1999JJ00";"303";"406";"103";"204"
"21680";"4000   ";"A045286";"300010 ";"2000JJ00";"284";"378";"99";"200"
"21681";"4000   ";"A045286";"300010 ";"2001JJ00";"276";"362";"97";"195"
"21682";"4000   ";"A045286";"300010 ";"2002JJ00";"284";"371";"101";"198"
"21683";"4000   ";"A045286";"300010 ";"2003JJ00";"286";"375";"101";"198"
"21684";"4000   ";"A045286";"300010 ";"2004JJ00";"295";"386";"107";"212"
"21685";"4000   ";"A045286";"300010 ";"2005JJ00";"291";"383";"106";"209"
"21686";"4000   ";"A045286";"300010 ";"2006JJ00";"293";"388";"110";"218"
"21687";"4000   ";"A045286";"300010 ";"2007JJ00";"296";"392";"115";"228"
"21688";"4000   ";"A045286";"300010 ";"2008JJ00";"295";"394";"116";"231"
"21689";"4000   ";"A045286";"300010 ";"2009JJ00";"302";"405";"121";"241"
"21690";"4000   ";"A045286";"300010 ";"2010JJ00";"308";"416";"126";"252"
"21691";"4000   ";"A045286";"300010 ";"2011JJ00";"315";"427";"134";"259"
"21692";"4000   ";"A045286";"300010 ";"2012JJ00";"318";"430";"135";"261"
"21693";"4000   ";"A045286";"300010 ";"2013JJ00";"323";"436";"137";"269"
"21694";"4000   ";"A045286";"300010 ";"2014JJ00";"327";"442";"141";"278"
"21695";"4000   ";"A045286";"300010 ";"2015JJ00";"330";"448";"147";"289"
"21696";"4000   ";"A045286";"300010 ";"2016JJ00";"332";"452";"149";"291"
"21697";"4000   ";"A045286";"300010 ";"2017JJ00";"337";"460";"153";"298"
"21698";"4000   ";"A045286";"300010 ";"2018JJ00";"340";"468";"156";"301"
"21699";"4000   ";"A045286";"300010 ";"2019JJ00";"343";"474";"158";"303"
"21750";"4000   ";"A045286";"403405 ";"1995JJ00";"13";"18";"7";"16"
"21751";"4000   ";"A045286";"403405 ";"1996JJ00";"16";"22";"8";"19"
"21752";"4000   ";"A045286";"403405 ";"1997JJ00";"16";"20";"9";"20"
"21753";"4000   ";"A045286";"403405 ";"1998JJ00";"17";"21";"8";"19"
"21754";"4000   ";"A045286";"403405 ";"1999JJ00";"17";"22";"10";"22"
"21755";"4000   ";"A045286";"403405 ";"2000JJ00";"18";"23";"11";"25"
"21756";"4000   ";"A045286";"403405 ";"2001JJ00";"19";"22";"12";"27"
"21757";"4000   ";"A045286";"403405 ";"2002JJ00";"20";"23";"13";"28"
"21758";"4000   ";"A045286";"403405 ";"2003JJ00";"21";"24";"13";"28"
"21759";"4000   ";"A045286";"403405 ";"2004JJ00";"25";"29";"16";"34"
"21760";"4000   ";"A045286";"403405 ";"2005JJ00";"23";"27";"15";"32"
"21761";"4000   ";"A045286";"403405 ";"2006JJ00";"25";"30";"17";"36"
"21762";"4000   ";"A045286";"403405 ";"2007JJ00";"27";"34";"19";"41"
"21763";"4000   ";"A045286";"403405 ";"2008JJ00";"27";"34";"20";"42"
"21764";"4000   ";"A045286";"403405 ";"2009JJ00";"28";"36";"21";"45"
"21765";"4000   ";"A045286";"403405 ";"2010JJ00";"29";"39";"23";"49"
"21766";"4000   ";"A045286";"403405 ";"2011JJ00";"31";"42";"25";"51"
"21767";"4000   ";"A045286";"403405 ";"2012JJ00";"33";"44";"26";"53"
"21768";"4000   ";"A045286";"403405 ";"2013JJ00";"35";"47";"27";"56"
"21769";"4000   ";"A045286";"403405 ";"2014JJ00";"37";"49";"29";"60"
"21770";"4000   ";"A045286";"403405 ";"2015JJ00";"37";"52";"31";"65"
"21771";"4000   ";"A045286";"403405 ";"2016JJ00";"39";"54";"32";"66"
"21772";"4000   ";"A045286";"403405 ";"2017JJ00";"40";"56";"33";"68"
"21773";"4000   ";"A045286";"403405 ";"2018JJ00";"41";"57";"34";"69"
"21774";"4000   ";"A045286";"403405 ";"2019JJ00";"41";"59";"35";"70"
