,Country,Happiness Rank,Happiness Score,Lower Confidence Interval,Upper Confidence Interval,Economy (GDP per Capita),Family,Health (Life Expectancy),Freedom,Generosity,Trust (Government Corruption),Dystopia Residual,Year,Region,Standard Error,freedom_categ,happiness_categ
0,Norway,1,7.537000179290769,7.59444482058287,7.47955553799868,1.6164631843566901,1.53352355957031,0.796666502952576,0.635422587394714,0.36201223731041,0.31596383452415505,2.27702665328979,2017,,,High,High
1,Denmark,2,7.52199983596802,7.58172806486487,7.46227160707116,1.48238301277161,1.55112159252167,0.7925655245780941,0.626006722450256,0.3552804887294771,0.40077006816863997,2.31370735168457,2017,,,High,High
2,Iceland,3,7.50400018692017,7.62203047305346,7.38596990078688,1.480633020401,1.6105740070343,0.8335521221160892,0.6271626353263849,0.47554022073745705,0.15352655947208402,2.32271528244019,2017,,,High,High
3,Switzerland,4,7.49399995803833,7.56177242040634,7.42622749567032,1.5649795532226598,1.51691174507141,0.858131289482117,0.620070576667786,0.29054927825927696,0.36700728535652205,2.2767162322998,2017,,,High,High
4,Finland,5,7.468999862670901,7.52754207581282,7.41045764952898,1.44357192516327,1.5402467250824,0.80915766954422,0.6179508566856379,0.24548277258873,0.38261154294014,2.4301815032958998,2017,,,High,High
5,Netherlands,6,7.3769998550415,7.42742584124207,7.32657386884093,1.50394463539124,1.42893922328949,0.8106961250305179,0.5853844881057739,0.47048982977867104,0.282661825418472,2.29480409622192,2017,,,High,High
6,Canada,7,7.31599998474121,7.3844028353691105,7.24759713411331,1.47920441627502,1.48134899139404,0.83455765247345,0.611100912094116,0.435539722442627,0.287371516227722,2.18726444244385,2017,,,High,High
7,New Zealand,8,7.31400012969971,7.3795104418695,7.24848981752992,1.40570604801178,1.54819512367249,0.816759705543518,0.6140621304512021,0.500005125999451,0.38281670212745705,2.0464563369751,2017,,,High,High
8,Sweden,9,7.28399991989136,7.34409487739205,7.22390496239066,1.49438726902008,1.47816216945648,0.830875158309937,0.612924098968506,0.38539925217628496,0.384398728609085,2.09753799438477,2017,,,High,High
9,Australia,10,7.28399991989136,7.35665122494102,7.211348614841699,1.4844149351120002,1.5100419521331798,0.84388679265976,0.601607382297516,0.47769924998283403,0.301183730363846,2.06521081924438,2017,,,High,High
10,Israel,11,7.212999820709231,7.279853256493809,7.14614638492465,1.3753824234008798,1.37628996372223,0.83840399980545,0.40598860383033797,0.330082654953003,0.0852421000599861,2.80175733566284,2017,,,Medium,High
11,Costa Rica,12,7.0789999961853,7.16811166629195,6.989888326078651,1.10970628261566,1.4164036512374898,0.7595092654228209,0.580131649971008,0.21461322903633104,0.100106589496136,2.89863920211792,2017,,,High,High
12,Austria,13,7.00600004196167,7.07066981211305,6.94133027181029,1.4870972633361799,1.4599449634552,0.8153284192085269,0.567766189575195,0.316472321748734,0.22106036543846105,2.1385064125061004,2017,,,High,High
13,United States,14,6.993000030517581,7.07465674757957,6.91134331345558,1.54625928401947,1.4199205636978103,0.7742866277694699,0.505740523338318,0.392578780651093,0.135638788342476,2.2181134223937997,2017,,,High,High
14,Ireland,15,6.9770002365112305,7.043351667523379,6.91064880549908,1.5357066392898602,1.5582311153411899,0.8097826242446899,0.5731103420257571,0.42785832285881,0.29838815331459007,1.77386903762817,2017,,,High,High
15,Germany,16,6.9510002136230495,7.00538156926632,6.89661885797977,1.48792338371277,1.47252035140991,0.798950731754303,0.562511384487152,0.33626917004585305,0.276731938123703,2.01576995849609,2017,,,High,High
16,Belgium,17,6.89099979400635,6.95582075044513,6.8261788375675705,1.4637807607650801,1.4623126983642598,0.8180918693542479,0.5397707223892211,0.23150333762168898,0.251343131065369,2.12421035766602,2017,,,High,High
17,Luxembourg,18,6.86299991607666,6.923686099871991,6.80231373228133,1.74194359779358,1.45758366584778,0.845089495182037,0.59662789106369,0.283180981874466,0.31883442401886,1.61951208114624,2017,,,High,High
18,United Kingdom,19,6.71400022506714,6.78379176110029,6.64420868903399,1.44163393974304,1.4964600801467902,0.805335938930511,0.508190035820007,0.492774158716202,0.265428066253662,1.7041435241699199,2017,,,High,High
19,Chile,20,6.65199995040894,6.739250560104849,6.5647493407130195,1.25278460979462,1.28402495384216,0.8194797039031979,0.376895278692245,0.3266624212265011,0.0822879821062088,2.5095858573913596,2017,,,Medium,High
20,United Arab Emirates,21,6.6479997634887695,6.72204730376601,6.57395222321153,1.6263433694839498,1.2664102315902699,0.726798236370087,0.60834527015686,0.3609419465065,0.324489563703537,1.734703540802,2017,,,High,High
21,Brazil,22,6.6350002288818395,6.725469501614571,6.5445309561491,1.1073532104492199,1.43130600452423,0.6165523529052729,0.437453746795654,0.16234989464282998,0.11109276115894301,2.7692670822143595,2017,,,High,High
22,Czech Republic,23,6.60900020599365,6.6838624626398095,6.5341379493475,1.35268235206604,1.4338852167129499,0.754444003105164,0.49094617366790794,0.0881067588925362,0.0368729270994663,2.45186185836792,2017,,,High,High
23,Argentina,24,6.59899997711182,6.690085086077451,6.50791486814618,1.18529546260834,1.44045114517212,0.695137083530426,0.49451920390129106,0.109457060694695,0.05973988771438599,2.61400532722473,2017,,,High,High
24,Mexico,25,6.57800006866455,6.67114890769124,6.48485122963786,1.1531838178634601,1.2108621597290001,0.709978997707367,0.412730008363724,0.12099043279886199,0.132774114608765,2.8371548652648904,2017,,,Medium,High
25,Singapore,26,6.57200002670288,6.636723069101571,6.507276984304191,1.69227766990662,1.35381436347961,0.9494923949241642,0.549840569496155,0.345965981483459,0.46430778503417997,1.2163619995117199,2017,,,High,High
26,Malta,27,6.52699995040894,6.598396772891281,6.455603127926589,1.34327983856201,1.48841166496277,0.821944236755371,0.588767051696777,0.5747305750846861,0.153066068887711,1.55686283111572,2017,,,High,High
27,Uruguay,28,6.4539999961853,6.54590621769428,6.36209377467632,1.2175596952438401,1.4122278690338101,0.719216823577881,0.5793922543525699,0.175096929073334,0.17806187272071802,2.17240953445435,2017,,,High,High
28,Guatemala,29,6.4539999961853,6.56687397271395,6.34112601965666,0.872001945972443,1.25558519363403,0.540239989757538,0.5313106179237371,0.283488392829895,0.0772232785820961,2.89389109611511,2017,,,High,High
29,Panama,30,6.4520001411438,6.55713071614504,6.346869566142559,1.23374843597412,1.3731925487518302,0.706156134605408,0.550026834011078,0.21055693924427,0.070983923971653,2.30719995498657,2017,,,High,High
30,France,31,6.44199991226196,6.515767802447081,6.36823202207685,1.43092346191406,1.38777685165405,0.8444658517837521,0.470222115516663,0.129762306809425,0.172502428293228,2.00595474243164,2017,,,High,High
31,Thailand,32,6.4239997863769505,6.50911685571074,6.33888271704316,1.12786877155304,1.4257924556732198,0.647239029407501,0.580200731754303,0.572123110294342,0.0316127352416515,2.03950834274292,2017,,,High,High
32,Taiwan Province of China,33,6.42199993133545,6.49459602192044,6.349403840750459,1.4336265325546298,1.38456535339355,0.793984234333038,0.361466586589813,0.258360475301743,0.0638292357325554,2.1266074180603,2017,,,Medium,High
33,Spain,34,6.40299987792969,6.471054845303299,6.33494491055608,1.38439786434174,1.53209090232849,0.888960599899292,0.408781230449677,0.190133571624756,0.0709140971302986,1.92775774002075,2017,,,Medium,High
34,Qatar,35,6.375,6.56847681432962,6.18152318567038,1.8707656860351598,1.27429687976837,0.7100980877876278,0.604130983352661,0.33047387003898604,0.43929925560951205,1.1454644203186002,2017,,,High,High
35,Colombia,36,6.35699987411499,6.45202005416155,6.26197969406843,1.07062232494354,1.4021829366683998,0.595027923583984,0.47748741507530196,0.14901447296142598,0.0466687418520451,2.6160681247711204,2017,,,High,High
36,Saudi Arabia,37,6.343999862670901,6.444166612029081,6.24383311331272,1.53062355518341,1.28667759895325,0.590148329734802,0.449750572443008,0.147616013884544,0.27343225479126004,2.0654296875,2017,,,High,High
37,Trinidad and Tobago,38,6.1680002212524405,6.3815338906645795,5.95446655184031,1.36135590076447,1.3802285194397,0.5199832916259771,0.518630743026733,0.32529646158218395,0.00896481610834599,2.0532474517822297,2017,,,High,High
38,Kuwait,39,6.10500001907349,6.1919569888711,6.01804304927588,1.63295245170593,1.25969874858856,0.6321057081222529,0.49633759260177596,0.228289797902107,0.21515955030918102,1.64042520523071,2017,,,High,High
39,Slovakia,40,6.09800004959106,6.1773484121263005,6.01865168705583,1.32539355754852,1.5050592422485398,0.712732911109924,0.295817464590073,0.136544480919838,0.0242108516395092,2.09777665138245,2017,,,Medium,High
40,Bahrain,41,6.08699989318848,6.17898906782269,5.995010718554259,1.4884122610092199,1.3231104612350502,0.653133034706116,0.536746919155121,0.17266848683357197,0.257042169570923,1.65614938735962,2017,,,High,High
41,Malaysia,42,6.08400011062622,6.179979636520151,5.988020584732291,1.29121541976929,1.28464603424072,0.618784427642822,0.40226498246192893,0.416608929634094,0.0656007081270218,2.00444889068604,2017,,,Medium,High
42,Nicaragua,43,6.07100009918213,6.186583600342269,5.955416598021981,0.737299203872681,1.28721570968628,0.6530959606170649,0.447551846504211,0.301674216985703,0.130687981843948,2.51393055915833,2017,,,High,High
43,Ecuador,44,6.00799989700317,6.1058476753532895,5.910152118653059,1.00082039833069,1.2861688137054401,0.685636222362518,0.4551981985569,0.15011246502399403,0.140134647488594,2.29035258293152,2017,,,High,High
44,El Salvador,45,6.002999782562259,6.108635122329,5.89736444279552,0.9097844958305359,1.1821250915527302,0.596018552780151,0.432452529668808,0.0782579854130745,0.0899809598922729,2.7145938873291002,2017,,,High,High
45,Poland,46,5.97300004959106,6.05390834122896,5.892091757953169,1.29178786277771,1.44571197032928,0.699475347995758,0.520342111587524,0.158465966582298,0.0593078061938286,1.7977228164672898,2017,,,High,High
46,Uzbekistan,47,5.97100019454956,6.06553757295012,5.876462816149,0.786441087722778,1.5489691495895401,0.498272627592087,0.6582486629486078,0.41598364710807795,0.246528223156929,1.8169136047363301,2017,,,High,High
47,Italy,48,5.96400022506714,6.04273690596223,5.88526354417205,1.3950666189193701,1.44492328166962,0.8531443476676941,0.256450712680817,0.17278964817523998,0.0280280914157629,1.81331205368042,2017,,,Medium,High
48,Russia,49,5.962999820709231,6.03027490749955,5.89572473391891,1.28177809715271,1.46928238868713,0.547349333763123,0.373783111572266,0.0522638224065304,0.0329628810286522,2.20560741424561,2017,,,Medium,High
49,Belize,50,5.955999851226809,6.19724231779575,5.71475738465786,0.907975316047668,1.0814177989959701,0.45019176602363603,0.5475093722343439,0.24001564085483604,0.0965810716152191,2.63195562362671,2017,,,High,High
50,Japan,51,5.92000007629395,5.99071944460273,5.8492807079851605,1.41691517829895,1.43633782863617,0.9134758710861209,0.505625545978546,0.12057276815175999,0.163760736584663,1.36322355270386,2017,,,High,High
51,Lithuania,52,5.90199995040894,5.982669641375541,5.82133025944233,1.3145823478698702,1.47351610660553,0.62894994020462,0.234231784939766,0.010164656676352,0.0118656428530812,2.22844052314758,2017,,,Medium,High
52,Algeria,53,5.872000217437741,5.978286433666941,5.76571400120854,1.09186446666718,1.1462174654007,0.6175846457481379,0.233335807919502,0.0694366469979286,0.14609611034393302,2.5676038265228303,2017,,,Medium,High
53,Latvia,54,5.849999904632571,5.9202635382115805,5.77973627105355,1.26074862480164,1.40471494197845,0.638566970825195,0.32570791244506797,0.153074786067009,0.0738427266478539,1.9936552047729499,2017,,,Medium,High
54,South Korea,55,5.837999820709231,5.922559028267861,5.7534406131506,1.40167844295502,1.1282744407653797,0.900214076042175,0.257921665906906,0.206674367189407,0.0632826685905457,1.8803780078887902,2017,,,Medium,High
55,Moldova,56,5.837999820709231,5.90837083846331,5.767628802955151,0.7288706302642819,1.25182557106018,0.5894652009010309,0.24072904884815197,0.20877912640571603,0.0100912861526012,2.80780839920044,2017,,,Medium,High
56,Romania,57,5.824999809265139,5.91969415679574,5.73030546173453,1.21768391132355,1.15009129047394,0.6851583123207089,0.457003742456436,0.133519917726517,0.0043879006989300294,2.17683148384094,2017,,,High,High
57,Bolivia,58,5.82299995422363,5.9039769025146995,5.7420230059325705,0.833756566047668,1.2276190519332901,0.47363024950027505,0.5587329268455511,0.22556072473526,0.0604777261614799,2.4432790279388397,2017,,,High,High
58,Turkmenistan,59,5.82200002670288,5.885180875509981,5.758819177895781,1.1307767629623402,1.49314916133881,0.437726080417633,0.41827192902565,0.24992498755454998,0.25927034020423895,1.83290982246399,2017,,,Medium,High
59,Kazakhstan,60,5.8189997673034695,5.90364177465439,5.73435775995255,1.2845562696456898,1.3843690156936599,0.6060415506362921,0.43745428323745705,0.20196442306041698,0.11928288638591802,1.7848925590515101,2017,,,High,High
60,North Cyprus,61,5.80999994277954,5.89736646488309,5.722633420675991,1.3469113111496,1.18630337715149,0.834647238254547,0.47120362520217896,0.266845703125,0.155353352427483,1.5491576194763201,2017,,,High,High
61,Slovenia,62,5.75799989700317,5.84222516000271,5.673774634003639,1.3412059545516999,1.4525188207626298,0.7908282279968258,0.572575807571411,0.242649093270302,0.0451289787888527,1.31331729888916,2017,,,High,High
62,Peru,63,5.71500015258789,5.81194677859545,5.61805352658033,1.0352252721786501,1.21877038478851,0.6301661133766171,0.45000287890434293,0.126819714903831,0.0470490865409374,2.2072694301605202,2017,,,High,High
63,Mauritius,64,5.62900018692017,5.72986219167709,5.528138182163239,1.1893955469131499,1.20956099033356,0.6380074620246889,0.491247326135635,0.360933750867844,0.0421815551817417,1.6975839138031,2017,,,High,High
64,Cyprus,65,5.62099981307983,5.714692699313161,5.527306926846499,1.3559380769729599,1.13136327266693,0.84471470117569,0.35511153936386103,0.271254301071167,0.0412379764020443,1.62124919891357,2017,,,Medium,High
65,Estonia,66,5.61100006103516,5.68813987419009,5.533860247880219,1.3208793401718102,1.47667109966278,0.695168316364288,0.479131430387497,0.0988908112049103,0.18324892222881303,1.35750865936279,2017,,,High,High
66,Belarus,67,5.5689997673034695,5.64611424401402,5.49188529059291,1.15655755996704,1.4449452161788898,0.6377142667770389,0.295400261878967,0.15513750910759,0.156313821673393,1.72323298454285,2017,,,Medium,High
67,Libya,68,5.525000095367429,5.6769538068771395,5.373046383857731,1.1018030643463101,1.3575643301010099,0.520169019699097,0.465733230113983,0.15207366645336198,0.0926102101802826,1.8350112438201898,2017,,,High,High
68,Turkey,69,5.5,5.59486496329308,5.40513503670692,1.1982743740081798,1.33775317668915,0.6376056075096129,0.300740599632263,0.0466930419206619,0.0996715798974037,1.87927794456482,2017,,,Medium,High
69,Paraguay,70,5.493000030517581,5.57738126963377,5.4086187914013895,0.932537317276001,1.50728487968445,0.579250693321228,0.473507791757584,0.224150657653809,0.091065913438797,1.6853334903716999,2017,,,High,High
70,"Hong Kong S.A.R., China",71,5.47200012207031,5.54959417313337,5.394406071007251,1.55167484283447,1.26279091835022,0.943062424659729,0.490968644618988,0.374465793371201,0.29393374919891396,0.554633140563965,2017,,,High,High
71,Philippines,72,5.42999982833862,5.54533505424857,5.31466460242867,0.85769921541214,1.25391757488251,0.46800905466079706,0.585214674472809,0.193513423204422,0.0993318930268288,1.9726047515869098,2017,,,High,High
72,Serbia,73,5.39499998092651,5.491569656133651,5.298430305719379,1.06931757926941,1.2581897974014298,0.65078467130661,0.20871552824974102,0.22012588381767298,0.0409037806093693,1.94708442687988,2017,,,Low,High
73,Jordan,74,5.33599996566772,5.448410022407769,5.223589908927679,0.9910123944282528,1.2390888929367099,0.6045900583267211,0.418421149253845,0.17217046022415197,0.11980327218771002,1.79117655754089,2017,,,Medium,High
74,Hungary,75,5.32399988174438,5.4030397091805895,5.24496005430818,1.2860119342803997,1.34313309192657,0.6877634525299069,0.17586351931095098,0.0784016624093056,0.0366369374096394,1.7164592742919902,2017,,,Low,High
75,Jamaica,76,5.31099987030029,5.581398728489879,5.04060101211071,0.925579309463501,1.3682180643081698,0.6410223841667181,0.474307239055634,0.23381833732128102,0.0552677810192108,1.61232566833496,2017,,,High,High
76,Croatia,77,5.2930002212524405,5.391777204573151,5.19422323793173,1.22255623340607,0.9679830074310299,0.701288521289825,0.255772292613983,0.248002976179123,0.0431031100451946,1.85449242591858,2017,,,Medium,High
77,Kosovo,78,5.27899980545044,5.36484799548984,5.19315161541104,0.951484382152557,1.1378535032272301,0.541452050209045,0.260287940502167,0.319931447505951,0.0574716180562973,2.0105407238006596,2017,,,Medium,High
78,China,79,5.2729997634887695,5.319278089776629,5.2267214372009,1.08116579055786,1.16083741188049,0.741415500640869,0.47278770804405196,0.0288068410009146,0.0227942746132612,1.76493859291077,2017,,,High,High
79,Pakistan,80,5.26900005340576,5.35998364135623,5.17801646545529,0.7268835306167599,0.6726906895637509,0.40204778313636796,0.23521526157856,0.31544601917266807,0.12434806674718901,2.7924892902374303,2017,,,Medium,High
80,Indonesia,81,5.26200008392334,5.35288859814405,5.17111156970263,0.995538592338562,1.2744446992874099,0.49234572052955605,0.443323463201523,0.611704587936401,0.0153171354904771,1.42947697639465,2017,,,High,High
81,Venezuela,82,5.25,5.370031945556399,5.1299680544436,1.12843120098114,1.43133759498596,0.617144227027893,0.15399712324142498,0.0650196298956871,0.0644911229610443,1.78946375846863,2017,,,Low,High
82,Montenegro,83,5.23699998855591,5.34104444056749,5.132955536544321,1.12112903594971,1.23837649822235,0.6674646735191351,0.194989055395126,0.197911024093628,0.0881741940975189,1.72919154167175,2017,,,Low,High
83,Morocco,84,5.2350001335144,5.31834096476436,5.15165930226445,0.8781145811080929,0.774864435195923,0.59771066904068,0.408158332109451,0.0322099551558495,0.0877631828188896,2.45618939399719,2017,,,Medium,High
84,Azerbaijan,85,5.234000205993651,5.29928653523326,5.168713876754049,1.1536017656326298,1.15240025520325,0.5407757759094239,0.39815583825111406,0.0452693402767181,0.180987507104874,1.7624816894531203,2017,,,Medium,High
85,Dominican Republic,86,5.230000019073491,5.34906088516116,5.110939152985809,1.07937383651733,1.4024167060852097,0.574873745441437,0.55258983373642,0.186967849731445,0.113945253193378,1.3194651603698702,2017,,,High,High
86,Greece,87,5.2270002365112305,5.3252461694181,5.12875430360436,1.28948748111725,1.23941457271576,0.8101989030838009,0.0957312509417534,0.0,0.043289776891470004,1.74922156333923,2017,,,Low,High
87,Lebanon,88,5.22499990463257,5.31888228848577,5.1311175207793704,1.07498753070831,1.1296242475509601,0.7350810766220089,0.28851598501205394,0.26445075869560203,0.037513829767704,1.69507384300232,2017,,,Medium,High
88,Portugal,89,5.19500017166138,5.285041733086111,5.10495861023665,1.3151752948761002,1.36704301834106,0.795843541622162,0.498465299606323,0.0951027125120163,0.0158694516867399,1.10768270492554,2017,,,High,High
89,Bosnia and Herzegovina,90,5.18200016021729,5.27633568674326,5.087664633691309,0.982409417629242,1.0693359375,0.705186307430267,0.204403176903725,0.328867495059967,0.0,1.89217257499695,2017,,,Low,High
90,Honduras,91,5.1810002326965305,5.30158279687166,5.0604176685214,0.730573117733002,1.14394497871399,0.582569479942322,0.348079860210419,0.23618887364864302,0.0733454525470734,2.0658111572265603,2017,,,Medium,High
91,Macedonia,92,5.175000190734861,5.27217263966799,5.07782774180174,1.06457793712616,1.20789301395416,0.644948184490204,0.325905978679657,0.25376096367836,0.0602777935564518,1.6174693107605,2017,,,Medium,High
92,Somalia,93,5.151000022888179,5.24248370990157,5.0595163358748,0.0226431842893362,0.7211513519287109,0.11398913711309401,0.602126955986023,0.291631311178207,0.28241032361984303,3.11748456954956,2017,,,High,High
93,Vietnam,94,5.07399988174438,5.14728076457977,5.000718998909,0.7885475754737851,1.27749133110046,0.6521689891815191,0.571055591106415,0.23496805131435397,0.0876332372426987,1.46231865882874,2017,,,High,High
94,Nigeria,95,5.07399988174438,5.209500135481361,4.93849962800741,0.783756256103516,1.21577048301697,0.0569157302379608,0.394952565431595,0.23094719648361198,0.0261215660721064,2.36539053916931,2017,,,Medium,High
95,Tajikistan,96,5.04099988937378,5.11142559587956,4.970574182868,0.524713635444641,1.27146327495575,0.5292351245880129,0.47156670689582797,0.24899764358997303,0.14637714624404902,1.8490493297576898,2017,,,High,High
96,Bhutan,97,5.01100015640259,5.07933456212282,4.94266575068235,0.885416388511658,1.3401265144348102,0.495879292488098,0.5015376806259161,0.474054545164108,0.17338038980960802,1.14018440246582,2017,,,High,High
97,Kyrgyzstan,98,5.0040001869201705,5.089919903129339,4.918080470710991,0.5962200760841371,1.39423859119415,0.553457796573639,0.454943388700485,0.42858037352562,0.0394391790032387,1.5367231369018601,2017,,,High,High
98,Nepal,99,4.961999893188481,5.06735607936978,4.856643707007169,0.479820191860199,1.17928326129913,0.504130780696869,0.44030594825744607,0.39409616589546204,0.0729755461215973,1.8912410736084,2017,,,High,Medium
99,Mongolia,100,4.95499992370605,5.021679509133099,4.88832033827901,1.0272358655929599,1.4930112361908001,0.557783484458923,0.39414396882057207,0.338464230298996,0.0329022891819477,1.1112923622131299,2017,,,Medium,Medium
100,South Africa,101,4.8289999961853,4.92943518772721,4.72856480464339,1.05469870567322,1.38478863239288,0.18708007037639604,0.479246735572815,0.13936237990856198,0.0725094974040985,1.51090860366821,2017,,,High,Medium
101,Tunisia,102,4.80499982833862,4.88436700701714,4.725632649660111,1.00726580619812,0.8683514595031742,0.613212049007416,0.289680689573288,0.0496933571994305,0.0867231488227844,1.8902511596679699,2017,,,Medium,Medium
102,Palestinian Territories,103,4.77500009536743,4.88184834256768,4.66815184816718,0.716249227523804,1.1556471586227401,0.565666973590851,0.25471106171608,0.114173173904419,0.0892826020717621,1.8788902759552,2017,,,Medium,Medium
103,Egypt,104,4.7350001335144,4.82513378962874,4.644866477400059,0.989701807498932,0.997471392154694,0.520187258720398,0.28211015462875394,0.128631442785263,0.114381365478039,1.70216107368469,2017,,,Medium,Medium
104,Bulgaria,105,4.71400022506714,4.8036947064101705,4.62430574372411,1.1614590883255,1.4343794584274299,0.708217680454254,0.28923171758651695,0.113177694380283,0.0110515309497714,0.996139287948608,2017,,,Medium,Medium
105,Sierra Leone,106,4.70900011062622,4.85064333498478,4.56735688626766,0.36842092871666,0.984136044979095,0.005564753897488121,0.318697690963745,0.293040901422501,0.0710951760411263,2.66845989227295,2017,,,Medium,Medium
106,Cameroon,107,4.69500017166138,4.79654085725546,4.5934594860672995,0.564305365085602,0.946018218994141,0.132892116904259,0.430388748645782,0.23629845678806302,0.0513066314160824,2.3336455821991,2017,,,Medium,Medium
107,Iran,108,4.69199991226196,4.79822470769286,4.585775116831059,1.15687310695648,0.7115512490272521,0.639333188533783,0.24932260811328896,0.387242913246155,0.048761073499918005,1.49873495101929,2017,,,Medium,Medium
108,Albania,109,4.64400005340576,4.75246400639415,4.53553610041738,0.996192753314972,0.8036852478981021,0.731159746646881,0.381498634815216,0.20131294429302202,0.0398642159998417,1.49044156074524,2017,,,Medium,Medium
109,Bangladesh,110,4.60799980163574,4.68982165828347,4.52617794498801,0.586682975292206,0.735131740570068,0.533241033554077,0.478356659412384,0.17225535213947304,0.123717859387398,1.9787361621856698,2017,,,High,Medium
110,Namibia,111,4.57399988174438,4.770354740917679,4.37764502257109,0.964434325695038,1.0984708070755,0.33861181139946,0.520303547382355,0.0771337449550629,0.0931469723582268,1.4818902015686002,2017,,,High,Medium
111,Kenya,112,4.55299997329712,4.65569159060717,4.450308355987071,0.560479462146759,1.0679507255554201,0.30998834967613204,0.45276376605033897,0.444860309362411,0.0646413192152977,1.6519021987915001,2017,,,High,Medium
112,Mozambique,113,4.550000190734861,4.774102326333519,4.3258980551362,0.23430564999580397,0.870701014995575,0.10665443539619399,0.48079109191894503,0.322228103876114,0.17943638563156103,2.3556509017944305,2017,,,High,Medium
113,Myanmar,114,4.54500007629395,4.61473994642496,4.47526020616293,0.36711055040359497,1.12323594093323,0.397522568702698,0.514492034912109,0.8380751609802249,0.188816204667091,1.11529040336609,2017,,,High,Medium
114,Senegal,115,4.53499984741211,4.6016037812829005,4.468395913541321,0.479309022426605,1.17969191074371,0.409362852573395,0.37792226672172496,0.183468893170357,0.11546044796705199,1.78964614868164,2017,,,Medium,Medium
115,Zambia,116,4.513999938964839,4.64410550147295,4.38389437645674,0.6364067792892459,1.00318729877472,0.25783589482307395,0.461603492498398,0.249580144882202,0.0782135501503944,1.82670545578003,2017,,,High,Medium
116,Iraq,117,4.49700021743774,4.62259140968323,4.37140902519226,1.1027104854583702,0.978613197803497,0.501180469989777,0.288555532693863,0.19963726401329,0.10721575468778599,1.31890726089478,2017,,,Medium,Medium
117,Gabon,118,4.46500015258789,4.5573617656529,4.37263853952289,1.1982102394104,1.1556202173233001,0.35657858848571794,0.31232857704162603,0.0437853783369064,0.0760467872023582,1.3229162693023702,2017,,,Medium,Medium
118,Ethiopia,119,4.46000003814697,4.54272867664695,4.377271399646999,0.339233845472336,0.8646692037582401,0.35340970754623396,0.408842742443085,0.31265074014663696,0.16545571386814098,2.01574373245239,2017,,,Medium,Medium
119,Sri Lanka,120,4.44000005722046,4.55344719231129,4.32655292212963,1.00985014438629,1.25997638702393,0.625130832195282,0.561213254928589,0.49086356163024897,0.0736539661884308,0.41938924789428705,2017,,,High,Medium
120,Armenia,121,4.37599992752075,4.46673461228609,4.28526524275541,0.900596737861633,1.00748372077942,0.637524425983429,0.198303267359734,0.0834880918264389,0.0266744215041399,1.5214991569518999,2017,,,Low,Medium
121,India,122,4.31500005722046,4.37152201749384,4.25847809694707,0.7922212481498722,0.754372596740723,0.455427616834641,0.469987004995346,0.23153848946094502,0.0922268852591515,1.5191171169281,2017,,,High,Medium
122,Mauritania,123,4.29199981689453,4.37716361626983,4.20683601751924,0.6484572887420649,1.2720308303833001,0.285349279642105,0.0960980430245399,0.201870024204254,0.136957004666328,1.65163731575012,2017,,,Low,Medium
123,Congo (Brazzaville),124,4.29099988937378,4.41005350500345,4.17194627374411,0.8089642524719242,0.8320443630218509,0.28995743393898,0.4350258708000179,0.12085212767124198,0.0796181336045265,1.7241356372833299,2017,,,High,Medium
124,Georgia,125,4.28599977493286,4.37493396580219,4.19706558406353,0.950612664222717,0.57061493396759,0.649546980857849,0.309410035610199,0.0540088154375553,0.25166663527488703,1.50013780593872,2017,,,Medium,Medium
125,Congo (Kinshasa),126,4.2800002098083505,4.357810832709069,4.20218958690763,0.0921023488044739,1.22902345657349,0.191407024860382,0.235961347818375,0.246455833315849,0.0602413564920425,2.22495865821838,2017,,,Medium,Medium
126,Mali,127,4.19000005722046,4.26967071101069,4.110329403430221,0.476180493831635,1.2814733982086202,0.16936567425727803,0.306613743305206,0.183354198932648,0.10497024655342098,1.66819095611572,2017,,,Medium,Medium
127,Ivory Coast,128,4.17999982833862,4.27518256321549,4.0848170934617505,0.6030489206314089,0.904780030250549,0.0486421696841717,0.4477061927318571,0.201237469911575,0.130061775445938,1.84496426582336,2017,,,High,Medium
128,Cambodia,129,4.1680002212524405,4.27851781353354,4.05748262897134,0.6017650961875921,1.00623834133148,0.429783403873444,0.633375823497772,0.385922968387604,0.0681059509515762,1.04294109344482,2017,,,High,Medium
129,Sudan,130,4.138999938964839,4.34574716508389,3.9322527128458,0.6595166921615601,1.21400856971741,0.290920823812485,0.0149958552792668,0.182317450642586,0.089847519993782,1.6870658397674598,2017,,,Low,Medium
130,Ghana,131,4.11999988555908,4.22270720854402,4.01729256257415,0.667224824428558,0.873664736747742,0.29563772678375205,0.423026293516159,0.25692394375801103,0.0253363698720932,1.57786750793457,2017,,,Medium,Medium
131,Ukraine,132,4.09600019454956,4.18541010454297,4.006590284556149,0.89465194940567,1.39453756809235,0.575903952121735,0.12297477573156401,0.270061463117599,0.0230294708162546,0.8143823146820072,2017,,,Low,Medium
132,Uganda,133,4.08099985122681,4.19579996705055,3.9661997354030603,0.381430715322495,1.12982773780823,0.21763260662555703,0.443185955286026,0.32576605677604703,0.057069718837738,1.526362657547,2017,,,High,Medium
133,Burkina Faso,134,4.03200006484985,4.1240590643882795,3.93994106531143,0.35022771358490007,1.04328000545502,0.21584425866603896,0.32436785101890603,0.250864684581757,0.12032810598611803,1.72721290588379,2017,,,Medium,Medium
134,Niger,135,4.02799987792969,4.11194681972265,3.9440529361367203,0.16192533075809498,0.993025004863739,0.26850500702858,0.36365869641304,0.22867384552955602,0.13857294619083402,1.87398338317871,2017,,,Medium,Medium
135,Malawi,136,3.97000002861023,4.07747881740332,3.86252123981714,0.233442038297653,0.5125688314437871,0.315089583396912,0.466914653778076,0.28717046976089505,0.0727116540074348,2.08178615570068,2017,,,High,Medium
136,Chad,137,3.9360001087188703,4.0347115239501,3.8372886934876402,0.43801298737525896,0.953855872154236,0.0411347150802612,0.16234202682972002,0.21611385047435802,0.0535818822681904,2.07123804092407,2017,,,Low,Medium
137,Zimbabwe,138,3.875,3.97869964271784,3.77130035728216,0.37584653496742204,1.08309590816498,0.19676375389099102,0.336384207010269,0.189143493771553,0.0953753814101219,1.59797024726868,2017,,,Medium,Medium
138,Lesotho,139,3.80800008773804,4.04434397548437,3.5716561999917,0.521021246910095,1.19009518623352,0.0,0.390661299228668,0.157497271895409,0.119094640016556,1.42983531951904,2017,,,Medium,Medium
139,Angola,140,3.79500007629395,3.9516419354081203,3.63835821717978,0.8584281802177429,1.1044119596481299,0.0498686656355858,0.0,0.09792649000883098,0.0697203353047371,1.6144824028015101,2017,,,Low,Medium
140,Afghanistan,141,3.7939999103546103,3.8736614152789106,3.71433840543032,0.401477217674255,0.581543326377869,0.18074677884578697,0.106179520487785,0.311870932579041,0.0611578300595284,2.15080118179321,2017,,,Low,Medium
141,Botswana,142,3.7660000324249303,3.8741226662695403,3.65787739858031,1.12209415435791,1.2215549945831299,0.34175550937652605,0.505196332931519,0.0993484482169151,0.0985831990838051,0.37791371345520003,2017,,,High,Medium
142,Benin,143,3.65700006484985,3.74578355133533,3.56821657836437,0.43108540773391707,0.43529984354972795,0.20993021130561804,0.42596277594566295,0.207948461174965,0.0609290152788162,1.88563096523285,2017,,,Medium,Medium
143,Madagascar,144,3.64400005340576,3.7143191058933698,3.57368100091815,0.305808693170547,0.9130203723907471,0.375223308801651,0.18919676542282102,0.208732530474663,0.0672319754958153,1.58461260795593,2017,,,Low,Medium
144,Haiti,145,3.6029999256133998,3.73471479773521,3.4712850534915902,0.368610262870789,0.640449821949005,0.277321130037308,0.0303698573261499,0.48920378088951094,0.0998721495270729,1.69716763496399,2017,,,Low,Medium
145,Yemen,146,3.59299993515015,3.6927503198385203,3.4932495504617704,0.5916834473609921,0.93538224697113,0.310080915689468,0.24946372210979503,0.104125209152699,0.0567674227058887,1.3456006050109899,2017,,,Medium,Medium
146,South Sudan,147,3.5910000801086404,3.7255385857820498,3.45646157443523,0.39724862575531,0.601323127746582,0.163486003875732,0.147062435746193,0.285670816898346,0.116793513298035,1.8795673847198502,2017,,,Low,Medium
147,Liberia,148,3.5329999923706095,3.6537562608718903,3.4122437238693197,0.11904179304838199,0.8721179366111759,0.229918196797371,0.33288118243217496,0.26654988527298,0.0389482490718365,1.6732859611511202,2017,,,Medium,Medium
148,Guinea,149,3.50699996948242,3.58442812889814,3.4295718100667,0.24454993009567302,0.7912446856498722,0.194129139184952,0.348587512969971,0.264815092086792,0.110937617719173,1.55231189727783,2017,,,Medium,Medium
149,Togo,150,3.4949998855590803,3.59403811171651,3.39596165940166,0.30544471740722695,0.4318825304508211,0.247105568647385,0.38042613863945,0.19689615070819896,0.0956650152802467,1.8372292518615703,2017,,,Medium,Medium
150,Rwanda,151,3.47099995613098,3.54303023353219,3.3989696787297703,0.368745893239975,0.945707023143768,0.326424807310104,0.5818438529968261,0.25275602936744695,0.455220013856888,0.540061235427856,2017,,,High,Medium
151,Syria,152,3.46199989318848,3.66366855680943,3.2603312295675297,0.777153134346008,0.396102607250214,0.5005333423614501,0.0815394446253777,0.49366372823715204,0.15134713053703303,1.06157350540161,2017,,,Low,Medium
152,Tanzania,153,3.34899997711182,3.4614297553896898,3.23657019883394,0.511135876178741,1.04198980331421,0.364509284496307,0.390017777681351,0.354256361722946,0.0660351067781448,0.621130466461182,2017,,,Medium,Medium
153,Burundi,154,2.90499997138977,3.07469033300877,2.73530960977077,0.09162256866693501,0.629793584346771,0.151610791683197,0.0599007532000542,0.20443518459796897,0.0841479450464249,1.68302416801453,2017,,,Low,Medium
154,Central African Republic,155,2.69300007820129,2.8648842692375203,2.52111588716507,0.0,0.0,0.0187726859003305,0.270842045545578,0.280876487493515,0.0565650761127472,2.06600475311279,2017,,,Medium,Medium
0,Denmark,1,7.526,7.46,7.5920000000000005,1.4417799999999998,1.16374,0.79504,0.5794100000000001,0.36171,0.44453000000000004,2.73939,2016,Western Europe,,High,High
1,Switzerland,2,7.5089999999999995,7.428,7.59,1.5273299999999999,1.14524,0.86303,0.58557,0.28083,0.41203,2.69463,2016,Western Europe,,High,High
2,Iceland,3,7.501,7.332999999999999,7.669,1.42666,1.18326,0.8673299999999999,0.56624,0.47678000000000004,0.14975,2.83137,2016,Western Europe,,High,High
3,Norway,4,7.497999999999999,7.421,7.575,1.57744,1.1269,0.79579,0.59609,0.37895,0.35775999999999997,2.66465,2016,Western Europe,,High,High
4,Finland,5,7.412999999999999,7.351,7.475,1.40598,1.1346399999999999,0.81091,0.57104,0.25492,0.41003999999999996,2.82596,2016,Western Europe,,High,High
5,Canada,6,7.404,7.335,7.473,1.44015,1.0961,0.8276,0.5737,0.44833999999999996,0.31329,2.70485,2016,North America,,High,High
6,Netherlands,7,7.3389999999999995,7.284,7.394,1.46468,1.02912,0.8123100000000001,0.55211,0.47416,0.29927,2.70749,2016,Western Europe,,High,High
7,New Zealand,8,7.334,7.263999999999999,7.404,1.36066,1.17278,0.83096,0.5814699999999999,0.49401000000000006,0.41903999999999997,2.47553,2016,Australia and New Zealand,,High,High
8,Australia,9,7.313,7.2410000000000005,7.385,1.4444299999999999,1.10476,0.8512,0.5683699999999999,0.47407,0.32331,2.5465,2016,Australia and New Zealand,,High,High
9,Sweden,10,7.291,7.227,7.355,1.45181,1.08764,0.83121,0.58218,0.38254,0.40867,2.54734,2016,Western Europe,,High,High
10,Israel,11,7.267,7.199,7.335,1.33766,0.9953700000000001,0.8491700000000001,0.36432,0.32288,0.08728,3.31029,2016,Middle East and Northern Africa,,Medium,High
11,Austria,12,7.119,7.045,7.193,1.45038,1.0838299999999998,0.80565,0.54355,0.32865,0.21348000000000003,2.6934299999999998,2016,Western Europe,,High,High
12,United States,13,7.104,7.02,7.188,1.50796,1.04782,0.779,0.48163,0.41076999999999997,0.14868,2.72782,2016,North America,,High,High
13,Costa Rica,14,7.087000000000001,6.999,7.175,1.06879,1.02152,0.76146,0.55225,0.22553,0.10547000000000001,3.3516800000000004,2016,Latin America and Caribbean,,High,High
14,Puerto Rico,15,7.039,6.794,7.284,1.35943,1.08113,0.77758,0.46823000000000004,0.22202,0.12275,3.0076,2016,Latin America and Caribbean,,High,High
15,Germany,16,6.994,6.93,7.058,1.44787,1.09774,0.81487,0.53466,0.30451999999999996,0.28551,2.5093099999999997,2016,Western Europe,,High,High
16,Brazil,17,6.952000000000001,6.875,7.029,1.08754,1.03938,0.61415,0.40425,0.15775999999999998,0.14165999999999998,3.5073300000000005,2016,Latin America and Caribbean,,Medium,High
17,Belgium,18,6.928999999999999,6.861000000000001,6.997000000000001,1.42539,1.05249,0.8195899999999999,0.51354,0.2424,0.26248,2.61355,2016,Western Europe,,High,High
18,Ireland,19,6.907,6.836,6.978,1.4834100000000001,1.16157,0.81455,0.54008,0.44963000000000003,0.29754,2.15988,2016,Western Europe,,High,High
19,Luxembourg,20,6.871,6.803999999999999,6.938,1.6975200000000001,1.03999,0.8454200000000001,0.5487,0.27571,0.35329,2.11055,2016,Western Europe,,High,High
20,Mexico,21,6.778,6.68,6.876,1.1150799999999998,0.7146,0.71143,0.37709000000000004,0.11735,0.18355,3.5590599999999997,2016,Latin America and Caribbean,,Medium,High
21,Singapore,22,6.739,6.6739999999999995,6.803999999999999,1.64555,0.8675799999999999,0.94719,0.4877,0.32706,0.46986999999999995,1.99375,2016,Southeastern Asia,,High,High
22,United Kingdom,23,6.725,6.647,6.803,1.40283,1.0867200000000001,0.80991,0.50036,0.50156,0.27399,2.1499900000000003,2016,Western Europe,,High,High
23,Chile,24,6.705,6.615,6.795,1.2167,0.9058700000000001,0.8188300000000001,0.37789,0.31595,0.11450999999999999,2.95505,2016,Latin America and Caribbean,,Medium,High
24,Panama,25,6.7010000000000005,6.601,6.801,1.18306,0.9891200000000001,0.70835,0.48927,0.2418,0.08423,3.00559,2016,Latin America and Caribbean,,High,High
25,Argentina,26,6.65,6.56,6.74,1.15137,1.0661200000000002,0.69711,0.42283999999999994,0.10989000000000002,0.07296,3.12985,2016,Latin America and Caribbean,,Medium,High
26,Czech Republic,27,6.596,6.515,6.6770000000000005,1.30915,1.00793,0.76376,0.41418,0.09929,0.03986,2.96211,2016,Central and Eastern Europe,,Medium,High
27,United Arab Emirates,28,6.5729999999999995,6.494,6.652,1.57352,0.8711399999999999,0.72993,0.56215,0.26591,0.35561,2.21507,2016,Middle East and Northern Africa,,High,High
28,Uruguay,29,6.545,6.456,6.6339999999999995,1.18157,1.0314299999999998,0.72183,0.54388,0.18056,0.21394000000000002,2.67139,2016,Latin America and Caribbean,,High,High
29,Malta,30,6.4879999999999995,6.409,6.567,1.30782,1.09879,0.80315,0.54994,0.56237,0.17554,1.99032,2016,Western Europe,,High,High
30,Colombia,31,6.481,6.3839999999999995,6.577999999999999,1.0303200000000001,1.02169,0.59659,0.44735,0.15625999999999998,0.053989999999999996,3.1747099999999997,2016,Latin America and Caribbean,,High,High
31,France,32,6.478,6.397,6.559,1.39488,1.00508,0.83795,0.46562,0.1216,0.17808,2.4744,2016,Western Europe,,High,High
32,Thailand,33,6.474,6.396,6.5520000000000005,1.0893,1.04477,0.64915,0.49553,0.58696,0.02833,2.5796,2016,Southeastern Asia,,High,High
33,Saudi Arabia,34,6.379,6.287000000000001,6.471,1.48953,0.84829,0.59267,0.37904,0.15457,0.30008,2.61482,2016,Middle East and Northern Africa,,Medium,High
34,Taiwan,34,6.379,6.305,6.452999999999999,1.39729,0.92624,0.79565,0.32377,0.25495,0.0663,2.61523,2016,Eastern Asia,,Medium,High
35,Qatar,36,6.375,6.178,6.572,1.82427,0.87964,0.71723,0.56679,0.32388,0.48049,1.5822399999999999,2016,Middle East and Northern Africa,,High,High
36,Spain,37,6.361000000000001,6.287999999999999,6.434,1.34253,1.12945,0.8789600000000001,0.37545,0.17665,0.06137000000000001,2.39663,2016,Western Europe,,Medium,High
37,Algeria,38,6.355,6.227,6.483,1.05266,0.83309,0.6180399999999999,0.21006,0.07044,0.16157,3.40904,2016,Middle East and Northern Africa,,Low,High
38,Guatemala,39,6.324,6.212999999999999,6.435,0.83454,0.8711899999999999,0.5403899999999999,0.50379,0.28808,0.08701,3.19863,2016,Latin America and Caribbean,,High,High
39,Suriname,40,6.269,6.0729999999999995,6.465,1.09686,0.77866,0.5093300000000001,0.5223399999999999,0.16665,0.12692,3.06852,2016,Latin America and Caribbean,,High,High
40,Kuwait,41,6.239,6.154,6.324,1.61714,0.8775799999999999,0.63569,0.43166000000000004,0.15965,0.23669,2.28085,2016,Middle East and Northern Africa,,Medium,High
41,Bahrain,42,6.218,6.127999999999999,6.308,1.44024,0.9439700000000001,0.65696,0.47375,0.17147,0.25772,2.27405,2016,Middle East and Northern Africa,,High,High
42,Trinidad and Tobago,43,6.167999999999999,5.95,6.386,1.32572,0.98569,0.52608,0.48453,0.31935,0.01241,2.5139400000000003,2016,Latin America and Caribbean,,High,High
43,Venezuela,44,6.084,5.973,6.195,1.1336700000000002,1.03302,0.6190399999999999,0.19847,0.0425,0.08304,2.9746799999999998,2016,Latin America and Caribbean,,Low,High
44,Slovakia,45,6.077999999999999,5.996,6.16,1.27973,1.0826799999999999,0.70367,0.23390999999999998,0.13837,0.02947,2.61065,2016,Central and Eastern Europe,,Medium,High
45,El Salvador,46,6.068,5.9670000000000005,6.169,0.8737,0.80975,0.596,0.37269,0.08877,0.10613,3.22134,2016,Latin America and Caribbean,,Medium,High
46,Malaysia,47,6.005,5.921,6.0889999999999995,1.25142,0.88025,0.62366,0.39031,0.41473999999999994,0.09081,2.35384,2016,Southeastern Asia,,Medium,High
47,Nicaragua,48,5.992000000000001,5.877000000000001,6.107,0.69384,0.8952100000000001,0.65213,0.46581999999999996,0.29773,0.16292,2.82428,2016,Latin America and Caribbean,,High,High
48,Uzbekistan,49,5.987,5.896,6.077999999999999,0.7359100000000001,1.1681,0.50163,0.60848,0.34326,0.28333,2.34638,2016,Central and Eastern Europe,,High,High
49,Italy,50,5.977,5.898,6.056,1.35495,1.04167,0.8510200000000001,0.18827,0.16684000000000002,0.02556,2.34918,2016,Western Europe,,Low,High
50,Ecuador,51,5.976,5.88,6.072,0.97306,0.85974,0.68613,0.4027,0.10074,0.18037,2.77366,2016,Latin America and Caribbean,,Medium,High
51,Belize,52,5.956,5.71,6.202000000000001,0.87616,0.68655,0.45569,0.51231,0.23684000000000002,0.10770999999999999,3.08039,2016,Latin America and Caribbean,,High,High
52,Japan,53,5.921,5.85,5.992000000000001,1.3800700000000001,1.06054,0.91491,0.46761,0.10224,0.18985,1.8058400000000001,2016,Eastern Asia,,High,High
53,Kazakhstan,54,5.919,5.837000000000001,6.001,1.22943,0.95544,0.57386,0.4052,0.15011,0.11132,2.49325,2016,Central and Eastern Europe,,Medium,High
54,Moldova,55,5.897,5.8229999999999995,5.971,0.69177,0.8313200000000001,0.5230899999999999,0.25201999999999997,0.19997,0.019030000000000002,3.38007,2016,Central and Eastern Europe,,Medium,High
55,Russia,56,5.856,5.789,5.922999999999999,1.2322799999999998,1.05261,0.58991,0.32682,0.027360000000000002,0.03586,2.59115,2016,Central and Eastern Europe,,Medium,High
56,Poland,57,5.835,5.749,5.921,1.24585,1.04685,0.69058,0.4519,0.14443,0.055,2.20035,2016,Central and Eastern Europe,,High,High
57,South Korea,57,5.835,5.747000000000001,5.922999999999999,1.35948,0.7219399999999999,0.88645,0.25168,0.18824000000000002,0.07716,2.35015,2016,Eastern Asia,,Medium,High
58,Bolivia,59,5.822,5.74,5.904,0.79422,0.8377899999999999,0.4697,0.50961,0.21698,0.07746,2.91635,2016,Latin America and Caribbean,,High,High
59,Lithuania,60,5.813,5.734,5.892,1.2692,1.0641100000000001,0.64674,0.18929,0.02025,0.0182,2.60525,2016,Central and Eastern Europe,,Low,High
60,Belarus,61,5.8020000000000005,5.723,5.881,1.1306200000000002,1.04993,0.6310399999999999,0.29091,0.13942000000000002,0.17457,2.3858200000000003,2016,Central and Eastern Europe,,Medium,High
61,North Cyprus,62,5.771,5.67,5.872000000000001,1.31141,0.81826,0.8414200000000001,0.43596,0.26322,0.16577999999999998,1.9344700000000001,2016,Western Europe,,High,High
62,Slovenia,63,5.768,5.683,5.853,1.2994700000000001,1.05613,0.79151,0.53164,0.25738,0.03635,1.79522,2016,Central and Eastern Europe,,High,High
63,Peru,64,5.742999999999999,5.647,5.8389999999999995,0.9960200000000001,0.81255,0.6299399999999999,0.37501999999999996,0.14527,0.05292,2.73117,2016,Latin America and Caribbean,,Medium,High
64,Turkmenistan,65,5.6579999999999995,5.58,5.736000000000001,1.08017,1.03817,0.44006000000000006,0.37408,0.22566999999999998,0.28467,2.21489,2016,Central and Eastern Europe,,Medium,High
65,Mauritius,66,5.648,5.507000000000001,5.789,1.14372,0.75695,0.66189,0.46145,0.36951,0.05202999999999999,2.20223,2016,Sub-Saharan Africa,,High,High
66,Libya,67,5.615,5.406000000000001,5.824,1.0668799999999998,0.95076,0.52304,0.40671999999999997,0.17087,0.10339000000000001,2.39374,2016,Middle East and Northern Africa,,Medium,High
67,Latvia,68,5.56,5.486000000000001,5.6339999999999995,1.2178799999999999,0.95025,0.63952,0.27996,0.17445,0.0889,2.20859,2016,Central and Eastern Europe,,Medium,High
68,Cyprus,69,5.546,5.442,5.65,1.31857,0.70697,0.8488,0.29507,0.27906,0.05227999999999999,2.04497,2016,Western Europe,,Medium,High
69,Paraguay,70,5.537999999999999,5.452999999999999,5.622999999999999,0.8937299999999999,1.11111,0.58295,0.46235,0.25296,0.07396,2.16091,2016,Latin America and Caribbean,,High,High
70,Romania,71,5.528,5.4270000000000005,5.629,1.1697,0.7280300000000001,0.67602,0.36712,0.12889,0.006790000000000001,2.4518400000000002,2016,Central and Eastern Europe,,Medium,High
71,Estonia,72,5.517,5.437,5.597,1.2796399999999999,1.0516299999999998,0.68098,0.41511000000000003,0.08423,0.18519000000000002,1.81985,2016,Central and Eastern Europe,,Medium,High
72,Jamaica,73,5.51,5.315,5.705,0.89333,0.96372,0.5946899999999999,0.43596999999999997,0.22245,0.04294,2.35682,2016,Latin America and Caribbean,,High,High
73,Croatia,74,5.4879999999999995,5.402,5.574,1.18649,0.6080899999999999,0.70524,0.23906999999999998,0.18434,0.04002,2.52462,2016,Central and Eastern Europe,,Medium,High
74,Hong Kong,75,5.457999999999999,5.362,5.553999999999999,1.5107,0.87021,0.9527700000000001,0.48078999999999994,0.40097,0.31647,0.92614,2016,Eastern Asia,,High,High
75,Somalia,76,5.44,5.321000000000001,5.559,0.0,0.33613000000000004,0.11465999999999998,0.5677800000000001,0.27225,0.3118,3.8377199999999996,2016,Sub-Saharan Africa,,High,High
76,Kosovo,77,5.401,5.308,5.494,0.90145,0.66062,0.54,0.14396,0.27992,0.06547,2.80998,2016,Central and Eastern Europe,,Low,High
77,Turkey,78,5.388999999999999,5.295,5.483,1.1649200000000002,0.8771700000000001,0.64718,0.23889000000000002,0.04707,0.12347999999999999,2.29074,2016,Middle East and Northern Africa,,Medium,High
78,Indonesia,79,5.314,5.237,5.391,0.95104,0.87625,0.49373999999999996,0.39237,0.56521,0.00322,2.03171,2016,Southeastern Asia,,Medium,High
79,Jordan,80,5.303,5.187,5.419,0.9967299999999999,0.86216,0.60712,0.36023,0.14262,0.13297,2.20142,2016,Middle East and Northern Africa,,Medium,High
80,Azerbaijan,81,5.291,5.226,5.356,1.12373,0.76042,0.54504,0.35327,0.0564,0.17914000000000002,2.2735,2016,Central and Eastern Europe,,Medium,High
81,Philippines,82,5.279,5.16,5.398,0.81217,0.87877,0.47036000000000006,0.5485399999999999,0.21674000000000002,0.11757000000000001,2.23484,2016,Southeastern Asia,,High,High
82,China,83,5.245,5.199,5.291,1.0278,0.79381,0.73561,0.44011999999999996,0.049589999999999995,0.02745,2.17087,2016,Eastern Asia,,High,High
83,Bhutan,84,5.196000000000001,5.138,5.254,0.8527,0.9083600000000001,0.49759,0.46074,0.48546000000000006,0.1616,1.82916,2016,Southern Asia,,High,High
84,Kyrgyzstan,85,5.185,5.103,5.267,0.5604399999999999,0.95434,0.5544899999999999,0.40212,0.38432,0.047619999999999996,2.28136,2016,Central and Eastern Europe,,Medium,High
85,Serbia,86,5.1770000000000005,5.083,5.271,1.03437,0.81329,0.6458,0.15718,0.20736999999999997,0.04339,2.2753900000000002,2016,Central and Eastern Europe,,Low,High
86,Bosnia and Herzegovina,87,5.162999999999999,5.063,5.263,0.9338299999999999,0.64367,0.7076600000000001,0.09511,0.29889,0.0,2.48406,2016,Central and Eastern Europe,,Low,High
87,Montenegro,88,5.1610000000000005,5.055,5.267,1.07838,0.74173,0.6353300000000001,0.15111,0.17190999999999998,0.12721,2.2553099999999997,2016,Central and Eastern Europe,,Low,High
88,Dominican Republic,89,5.155,5.037,5.273,1.02787,0.9949600000000001,0.5766899999999999,0.52259,0.21286,0.12372000000000001,1.6962599999999999,2016,Latin America and Caribbean,,High,High
89,Morocco,90,5.151,5.058,5.244,0.8405799999999999,0.38595,0.5947100000000001,0.25645999999999997,0.040530000000000004,0.08404,2.9489099999999997,2016,Middle East and Northern Africa,,Medium,High
90,Hungary,91,5.145,5.056,5.234,1.24142,0.9316399999999999,0.67608,0.1977,0.099,0.044719999999999996,1.9547299999999999,2016,Central and Eastern Europe,,Low,High
91,Pakistan,92,5.132000000000001,5.038,5.226,0.68816,0.26135,0.40306,0.14622000000000002,0.31185,0.1388,3.18286,2016,Southern Asia,,Low,High
92,Lebanon,93,5.129,5.031000000000001,5.227,1.12268,0.64184,0.76171,0.26228,0.23693000000000003,0.030610000000000002,2.0733900000000003,2016,Middle East and Northern Africa,,Medium,High
93,Portugal,94,5.122999999999999,5.03,5.216,1.27607,0.9436700000000001,0.7936300000000001,0.44727,0.11690999999999999,0.01521,1.53015,2016,Western Europe,,High,High
94,Macedonia,95,5.121,5.0169999999999995,5.225,1.0193,0.78236,0.6473800000000001,0.27668000000000004,0.23506999999999997,0.07047,2.08947,2016,Central and Eastern Europe,,Medium,High
95,Vietnam,96,5.061,4.9910000000000005,5.131,0.74037,0.7911699999999999,0.66157,0.5595399999999999,0.25075,0.11556,1.9418,2016,Southeastern Asia,,High,High
96,Somaliland Region,97,5.0569999999999995,4.934,5.18,0.25558000000000003,0.75862,0.33108000000000004,0.3913,0.51479,0.36794,2.43801,2016,Sub-Saharan Africa,,Medium,High
97,Tunisia,98,5.045,4.965,5.125,0.97724,0.43165,0.59577,0.23553000000000002,0.03936,0.0817,2.68413,2016,Middle East and Northern Africa,,Medium,High
98,Greece,99,5.033,4.935,5.131,1.24886,0.75473,0.80029,0.05822000000000001,0.0,0.04127,2.12944,2016,Western Europe,,Low,High
99,Tajikistan,100,4.996,4.923,5.069,0.48835,0.75602,0.5311899999999999,0.43408,0.25998000000000004,0.13509000000000002,2.39106,2016,Central and Eastern Europe,,High,Medium
100,Mongolia,101,4.907,4.838,4.976,0.9885299999999999,1.0898299999999999,0.55469,0.35972,0.34539000000000003,0.03285,1.53586,2016,Eastern Asia,,Medium,Medium
101,Laos,102,4.876,4.742,5.01,0.68042,0.5497,0.38291,0.52168,0.43078999999999995,0.22423,2.08637,2016,Southeastern Asia,,High,Medium
102,Nigeria,103,4.875,4.75,5.0,0.75216,0.64498,0.05108,0.27854,0.23219,0.0305,2.8858599999999996,2016,Sub-Saharan Africa,,Medium,Medium
103,Honduras,104,4.871,4.75,4.992,0.69429,0.7559600000000001,0.5838300000000001,0.26755,0.2044,0.06906,2.2955099999999997,2016,Latin America and Caribbean,,Medium,Medium
104,Iran,105,4.813,4.703,4.923,1.11758,0.38856999999999997,0.64232,0.22544,0.38538,0.0557,1.99817,2016,Middle East and Northern Africa,,Medium,Medium
105,Zambia,106,4.795,4.645,4.945,0.61202,0.6376,0.23573000000000002,0.42662,0.17865999999999999,0.11479,2.5899099999999997,2016,Sub-Saharan Africa,,Medium,Medium
106,Nepal,107,4.793,4.698,4.888,0.44626000000000005,0.69699,0.50073,0.37012,0.3816,0.07007999999999999,2.32694,2016,Southern Asia,,Medium,Medium
107,Palestinian Territories,108,4.754,4.649,4.859,0.67024,0.71629,0.56844,0.17744000000000001,0.11154000000000001,0.10613,2.40364,2016,Middle East and Northern Africa,,Low,Medium
108,Albania,109,4.655,4.546,4.763999999999999,0.9553,0.50163,0.73007,0.31866,0.1684,0.05301,1.9281599999999999,2016,Central and Eastern Europe,,Medium,Medium
109,Bangladesh,110,4.643,4.56,4.726,0.54177,0.24749000000000002,0.52989,0.39778,0.19132000000000002,0.12583,2.6090400000000002,2016,Southern Asia,,Medium,Medium
110,Sierra Leone,111,4.635,4.505,4.765,0.36485,0.628,0.0,0.30685,0.23897,0.08196,3.01402,2016,Sub-Saharan Africa,,Medium,Medium
111,Iraq,112,4.575,4.446000000000001,4.704,1.07474,0.59205,0.51076,0.24856,0.19589,0.13635999999999998,1.81657,2016,Middle East and Northern Africa,,Medium,Medium
112,Namibia,113,4.574,4.374,4.774,0.9328700000000001,0.70362,0.34745,0.48613999999999996,0.07795,0.10397999999999999,1.92198,2016,Sub-Saharan Africa,,High,Medium
113,Cameroon,114,4.513,4.417,4.609,0.5249699999999999,0.62542,0.12697999999999998,0.42736,0.2268,0.06126,2.5198,2016,Sub-Saharan Africa,,Medium,Medium
114,Ethiopia,115,4.508,4.425,4.591,0.29283000000000003,0.37932,0.34578000000000003,0.36703,0.29522,0.1717,2.65614,2016,Sub-Saharan Africa,,Medium,Medium
115,South Africa,116,4.459,4.371,4.547,1.02416,0.9605299999999999,0.18611,0.42483000000000004,0.13656,0.08415,1.6422700000000001,2016,Sub-Saharan Africa,,Medium,Medium
116,Sri Lanka,117,4.415,4.322,4.508,0.9731799999999999,0.84783,0.62007,0.50817,0.46978000000000003,0.07964,0.91681,2016,Southern Asia,,High,Medium
117,India,118,4.404,4.351,4.457,0.74036,0.29247,0.45091000000000003,0.40285,0.25028,0.08722,2.18032,2016,Southern Asia,,Medium,Medium
118,Myanmar,119,4.395,4.327,4.463,0.34112,0.69981,0.3988,0.42691999999999997,0.81971,0.20243,1.50655,2016,Southeastern Asia,,Medium,Medium
119,Egypt,120,4.362,4.2589999999999995,4.465,0.95395,0.49813,0.5211600000000001,0.18847,0.12705999999999998,0.10393,1.96895,2016,Middle East and Northern Africa,,Low,Medium
120,Armenia,121,4.36,4.266,4.454,0.8608600000000001,0.6247699999999999,0.64083,0.14037,0.07793,0.036160000000000005,1.9786400000000002,2016,Central and Eastern Europe,,Low,Medium
121,Kenya,122,4.356,4.2589999999999995,4.453,0.52267,0.7624,0.30146999999999996,0.40576,0.41328000000000004,0.06686,1.88326,2016,Sub-Saharan Africa,,Medium,Medium
122,Ukraine,123,4.324,4.236000000000001,4.412,0.87287,1.01413,0.58628,0.12859,0.20363,0.01829,1.50066,2016,Central and Eastern Europe,,Low,Medium
123,Ghana,124,4.276,4.185,4.367,0.63107,0.49353,0.29681,0.40973000000000004,0.21203000000000002,0.0326,2.2002,2016,Sub-Saharan Africa,,Medium,Medium
124,Congo (Kinshasa),125,4.272,4.191,4.353,0.05661,0.80676,0.188,0.15602,0.25458000000000003,0.06075,2.7492400000000004,2016,Sub-Saharan Africa,,Low,Medium
125,Georgia,126,4.252,4.164,4.34,0.8379200000000001,0.19249000000000002,0.64035,0.32461,0.06786,0.3188,1.87031,2016,Central and Eastern Europe,,Medium,Medium
126,Congo (Brazzaville),127,4.236000000000001,4.107,4.365,0.7710899999999999,0.47798999999999997,0.28212,0.37938,0.12077,0.09752999999999999,2.10681,2016,Sub-Saharan Africa,,Medium,Medium
127,Senegal,128,4.218999999999999,4.151,4.287,0.44314,0.7741600000000001,0.40457,0.31056,0.19103,0.11681,1.9786099999999998,2016,Sub-Saharan Africa,,Medium,Medium
128,Bulgaria,129,4.217,4.104,4.33,1.11306,0.92542,0.67806,0.21219000000000002,0.12793,0.00615,1.15377,2016,Central and Eastern Europe,,Low,Medium
129,Mauritania,130,4.2010000000000005,4.127,4.275,0.6139100000000001,0.8414200000000001,0.28639000000000003,0.1268,0.22685999999999998,0.17955,1.9263,2016,Sub-Saharan Africa,,Low,Medium
130,Zimbabwe,131,4.1930000000000005,4.101,4.285,0.35041,0.71478,0.1595,0.25429,0.18503,0.08582000000000001,2.4427,2016,Sub-Saharan Africa,,Medium,Medium
131,Malawi,132,4.156000000000001,4.041,4.271,0.08709,0.147,0.29364,0.4143,0.30968,0.07564,2.82859,2016,Sub-Saharan Africa,,Medium,Medium
132,Sudan,133,4.138999999999999,3.928,4.35,0.63069,0.8192799999999999,0.29759,0.0,0.18077000000000001,0.10039,2.10995,2016,Sub-Saharan Africa,,Low,Medium
133,Gabon,134,4.121,4.03,4.212,1.15851,0.72368,0.3494,0.28098,0.062439999999999996,0.09314,1.4533200000000002,2016,Sub-Saharan Africa,,Medium,Medium
134,Mali,135,4.073,3.988,4.158,0.31292,0.8633299999999999,0.16347,0.27544,0.21064000000000002,0.13647,2.1108700000000002,2016,Sub-Saharan Africa,,Medium,Medium
135,Haiti,136,4.0280000000000005,3.8930000000000002,4.163,0.34097,0.29561,0.27494,0.12072000000000001,0.47958,0.14476,2.3711599999999997,2016,Latin America and Caribbean,,Low,Medium
136,Botswana,137,3.9739999999999998,3.875,4.073,1.09426,0.89186,0.34752,0.44088999999999995,0.12425,0.10769000000000001,0.96741,2016,Sub-Saharan Africa,,High,Medium
137,Comoros,138,3.9560000000000004,3.86,4.052,0.27509,0.60323,0.29980999999999997,0.15412,0.1827,0.18437,2.25632,2016,Sub-Saharan Africa,,Low,Medium
138,Ivory Coast,139,3.9160000000000004,3.826,4.006,0.55507,0.57576,0.04476,0.40663,0.20338,0.1553,1.97478,2016,Sub-Saharan Africa,,Medium,Medium
139,Cambodia,140,3.907,3.798,4.016,0.55604,0.5375,0.42494,0.5885199999999999,0.40339,0.08092,1.3157299999999998,2016,Southeastern Asia,,High,Medium
140,Angola,141,3.866,3.753,3.9789999999999996,0.84731,0.66366,0.04991,0.00589,0.12070999999999998,0.08434,2.09459,2016,Sub-Saharan Africa,,Low,Medium
141,Niger,142,3.8560000000000003,3.781,3.931,0.1327,0.6053,0.26161999999999996,0.38040999999999997,0.2097,0.17176,2.09469,2016,Sub-Saharan Africa,,Medium,Medium
142,South Sudan,143,3.832,3.596,4.0680000000000005,0.39394,0.18519000000000002,0.15780999999999998,0.19662000000000002,0.25899,0.13015,2.50929,2016,Sub-Saharan Africa,,Low,Medium
143,Chad,144,3.763,3.6719999999999997,3.8539999999999996,0.42213999999999996,0.63178,0.038239999999999996,0.12807000000000002,0.18667,0.04952,2.3063700000000003,2016,Sub-Saharan Africa,,Low,Medium
144,Burkina Faso,145,3.739,3.647,3.8310000000000004,0.31995,0.63054,0.21297,0.3337,0.24353000000000002,0.12533,1.8731900000000001,2016,Sub-Saharan Africa,,Medium,Medium
145,Uganda,145,3.739,3.6289999999999996,3.8489999999999998,0.34719,0.90981,0.19625,0.43653000000000003,0.27102,0.06442,1.51416,2016,Sub-Saharan Africa,,High,Medium
146,Yemen,147,3.7239999999999998,3.6210000000000004,3.827,0.57939,0.47493,0.31048000000000003,0.2287,0.09821,0.05892000000000001,1.97295,2016,Middle East and Northern Africa,,Medium,Medium
147,Madagascar,148,3.695,3.6210000000000004,3.7689999999999997,0.27954,0.46115,0.37109000000000003,0.13684000000000002,0.2204,0.07506,2.15075,2016,Sub-Saharan Africa,,Low,Medium
148,Tanzania,149,3.6660000000000004,3.5610000000000004,3.7710000000000004,0.47155,0.77623,0.35700000000000004,0.3176,0.31472,0.05099,1.3776899999999999,2016,Sub-Saharan Africa,,Medium,Medium
149,Liberia,150,3.622,3.463,3.781,0.10705999999999999,0.50353,0.23165,0.25748000000000004,0.24063,0.04852,2.23284,2016,Sub-Saharan Africa,,Medium,Medium
150,Guinea,151,3.6069999999999998,3.533,3.681,0.22415,0.3109,0.18829,0.30953,0.29914,0.1192,2.15604,2016,Sub-Saharan Africa,,Medium,Medium
151,Rwanda,152,3.515,3.444,3.5860000000000003,0.32846,0.6158600000000001,0.31865,0.5432,0.23551999999999998,0.50521,0.96819,2016,Sub-Saharan Africa,,High,Medium
152,Benin,153,3.484,3.404,3.5639999999999996,0.39499,0.10419,0.21028000000000002,0.39747,0.2018,0.06681000000000001,2.10812,2016,Sub-Saharan Africa,,Medium,Medium
153,Afghanistan,154,3.36,3.2880000000000003,3.432,0.38227,0.11037000000000001,0.17344,0.1643,0.31268,0.07112,2.14558,2016,Southern Asia,,Low,Medium
154,Togo,155,3.303,3.1919999999999997,3.4139999999999997,0.28123000000000004,0.0,0.24811,0.34678000000000003,0.17517,0.11587,2.1354,2016,Sub-Saharan Africa,,Medium,Medium
155,Syria,156,3.069,2.9360000000000004,3.202,0.7471899999999999,0.14866,0.6299399999999999,0.06912,0.48396999999999996,0.17232999999999998,0.81789,2016,Middle East and Northern Africa,,Low,Medium
156,Burundi,157,2.905,2.7319999999999998,3.0780000000000003,0.06831,0.23442,0.15747,0.0432,0.2029,0.09419,2.1040400000000004,2016,Sub-Saharan Africa,,Low,Medium
0,Switzerland,1,7.587000000000001,,,1.3965100000000001,1.34951,0.9414299999999999,0.66557,0.29678000000000004,0.41978000000000004,2.5173799999999997,2015,Western Europe,0.03411,High,High
1,Iceland,2,7.561,,,1.3023200000000001,1.4022299999999999,0.94784,0.6287699999999999,0.4363,0.14145,2.70201,2015,Western Europe,0.048839999999999995,High,High
2,Denmark,3,7.527,,,1.32548,1.36058,0.87464,0.6493800000000001,0.34139,0.48357,2.4920400000000003,2015,Western Europe,0.033280000000000004,High,High
3,Norway,4,7.522,,,1.459,1.33095,0.88521,0.66973,0.34699,0.36503,2.4653099999999997,2015,Western Europe,0.0388,High,High
4,Canada,5,7.4270000000000005,,,1.32629,1.32261,0.9056299999999999,0.63297,0.45811,0.32957,2.4517599999999997,2015,North America,0.03553,High,High
5,Finland,6,7.406000000000001,,,1.29025,1.31826,0.8891100000000001,0.64169,0.23351,0.41372,2.61955,2015,Western Europe,0.0314,High,High
6,Netherlands,7,7.377999999999999,,,1.32944,1.28017,0.89284,0.6157600000000001,0.4761,0.31814000000000003,2.4657,2015,Western Europe,0.027989999999999998,High,High
7,Sweden,8,7.364,,,1.33171,1.2890700000000002,0.9108700000000001,0.6598,0.36262,0.43843999999999994,2.3711900000000004,2015,Western Europe,0.03157,High,High
8,New Zealand,9,7.2860000000000005,,,1.2501799999999998,1.3196700000000001,0.9083700000000001,0.6393800000000001,0.47501000000000004,0.42922,2.26425,2015,Australia and New Zealand,0.033710000000000004,High,High
9,Australia,10,7.284,,,1.33358,1.30923,0.93156,0.6512399999999999,0.43562,0.35636999999999996,2.26646,2015,Australia and New Zealand,0.04083,High,High
10,Israel,11,7.278,,,1.2285700000000002,1.22393,0.9138700000000001,0.41318999999999995,0.33171999999999996,0.07785,3.08854,2015,Middle East and Northern Africa,0.0347,Medium,High
11,Costa Rica,12,7.226,,,0.95578,1.2378799999999999,0.8602700000000001,0.63376,0.25497,0.10583,3.17728,2015,Latin America and Caribbean,0.044539999999999996,High,High
12,Austria,13,7.2,,,1.33723,1.29704,0.8904200000000001,0.62433,0.33088,0.18675999999999998,2.5332,2015,Western Europe,0.03751,High,High
13,Mexico,14,7.187,,,1.02054,0.91451,0.8144399999999999,0.48181,0.14074,0.21311999999999998,3.6021400000000003,2015,Latin America and Caribbean,0.041760000000000005,High,High
14,United States,15,7.119,,,1.3945100000000001,1.24711,0.86179,0.54604,0.40105,0.1589,2.51011,2015,North America,0.03839,High,High
15,Brazil,16,6.983,,,0.98124,1.2328700000000001,0.69702,0.49049,0.14574,0.17521,3.26001,2015,Latin America and Caribbean,0.040760000000000005,High,High
16,Luxembourg,17,6.946000000000001,,,1.5639100000000001,1.21963,0.91894,0.61583,0.28034000000000003,0.37798000000000004,1.9696099999999999,2015,Western Europe,0.03499,High,High
17,Ireland,18,6.94,,,1.33596,1.36948,0.89533,0.6177699999999999,0.45901000000000003,0.28703,1.9757,2015,Western Europe,0.03676,High,High
18,Belgium,19,6.937,,,1.30782,1.28566,0.8966700000000001,0.5845,0.2225,0.2254,2.4148400000000003,2015,Western Europe,0.03595,High,High
19,United Arab Emirates,20,6.901,,,1.42727,1.12575,0.80925,0.64157,0.26428,0.38583,2.24743,2015,Middle East and Northern Africa,0.03729,High,High
20,United Kingdom,21,6.867000000000001,,,1.26637,1.28548,0.90943,0.59625,0.51912,0.32066999999999996,1.9699400000000002,2015,Western Europe,0.01866,High,High
21,Oman,22,6.853,,,1.36011,1.08182,0.76276,0.63274,0.21541999999999997,0.32524000000000003,2.4748900000000003,2015,Middle East and Northern Africa,0.05335,High,High
22,Venezuela,23,6.81,,,1.04424,1.25596,0.7205199999999999,0.42908,0.058410000000000004,0.11069000000000001,3.1913099999999996,2015,Latin America and Caribbean,0.06476,Medium,High
23,Singapore,24,6.797999999999999,,,1.52186,1.02,1.02525,0.54252,0.31105,0.4921,1.8850099999999999,2015,Southeastern Asia,0.0378,High,High
24,Panama,25,6.7860000000000005,,,1.0635299999999999,1.1985,0.79661,0.5421,0.24434,0.0927,2.84848,2015,Latin America and Caribbean,0.0491,High,High
25,Germany,26,6.75,,,1.32792,1.2993700000000001,0.89186,0.6147699999999999,0.28214,0.21843,2.1156900000000003,2015,Western Europe,0.01848,High,High
26,Chile,27,6.67,,,1.10715,1.12447,0.85857,0.44132,0.33363000000000004,0.12869,2.67585,2015,Latin America and Caribbean,0.057999999999999996,High,High
27,Qatar,28,6.611000000000001,,,1.69042,1.0786,0.79733,0.6404,0.32573,0.52208,1.55674,2015,Middle East and Northern Africa,0.06257,High,High
28,France,29,6.575,,,1.27778,1.2603799999999998,0.9457899999999999,0.55011,0.12332,0.20646,2.21126,2015,Western Europe,0.03512,High,High
29,Argentina,30,6.574,,,1.05351,1.24823,0.78723,0.44974,0.11450999999999999,0.08484,2.8360000000000003,2015,Latin America and Caribbean,0.04612,High,High
30,Czech Republic,31,6.505,,,1.17898,1.20643,0.84483,0.46363999999999994,0.10686,0.02652,2.67782,2015,Central and Eastern Europe,0.04168,High,High
31,Uruguay,32,6.485,,,1.06166,1.2089,0.8116,0.6036199999999999,0.2324,0.24558000000000002,2.3214200000000003,2015,Latin America and Caribbean,0.04539,High,High
32,Colombia,33,6.477,,,0.91861,1.2401799999999998,0.69077,0.53466,0.18400999999999998,0.0512,2.85737,2015,Latin America and Caribbean,0.05051,High,High
33,Thailand,34,6.455,,,0.9669,1.26504,0.7385,0.5566399999999999,0.5763,0.031869999999999996,2.31945,2015,Southeastern Asia,0.03557,High,High
34,Saudi Arabia,35,6.4110000000000005,,,1.39541,1.0839299999999998,0.72025,0.31048000000000003,0.13706,0.32524000000000003,2.43872,2015,Middle East and Northern Africa,0.04633,Medium,High
35,Spain,36,6.329,,,1.23011,1.31379,0.95562,0.45951000000000003,0.18227000000000002,0.06398,2.12367,2015,Western Europe,0.03468,High,High
36,Malta,37,6.3020000000000005,,,1.2074,1.30203,0.88721,0.60365,0.51752,0.13585999999999998,1.6488,2015,Western Europe,0.04206,High,High
37,Taiwan,38,6.297999999999999,,,1.29098,1.07617,0.8753,0.3974,0.25376,0.08129,2.32323,2015,Eastern Asia,0.03868,Medium,High
38,Kuwait,39,6.295,,,1.5542200000000002,1.16594,0.72492,0.55499,0.16228,0.25609,1.8763400000000001,2015,Middle East and Northern Africa,0.04456,High,High
39,Suriname,40,6.269,,,0.99534,0.972,0.6082,0.5965699999999999,0.16990999999999998,0.13633,2.79094,2015,Latin America and Caribbean,0.09811,High,High
40,Trinidad and Tobago,41,6.167999999999999,,,1.21183,1.18354,0.61483,0.55884,0.31844,0.0114,2.2688200000000003,2015,Latin America and Caribbean,0.10895,High,High
41,El Salvador,42,6.13,,,0.76454,1.0250700000000001,0.67737,0.4035,0.10692,0.11775999999999999,3.035,2015,Latin America and Caribbean,0.056179999999999994,Medium,High
42,Guatemala,43,6.122999999999999,,,0.74553,1.04356,0.64425,0.57733,0.27489,0.09472,2.74255,2015,Latin America and Caribbean,0.052239999999999995,High,High
43,Uzbekistan,44,6.002999999999999,,,0.63244,1.34043,0.59772,0.6582100000000001,0.22837,0.30826,2.2374099999999997,2015,Central and Eastern Europe,0.04361,High,High
44,Slovakia,45,5.995,,,1.1689100000000001,1.26999,0.7890199999999999,0.31751,0.16893,0.03431,2.2463900000000003,2015,Central and Eastern Europe,0.04267,Medium,High
45,Japan,46,5.987,,,1.27074,1.25712,0.99111,0.49615,0.10705,0.1806,1.68435,2015,Eastern Asia,0.03581,High,High
46,South Korea,47,5.984,,,1.24461,0.9577399999999999,0.9653799999999999,0.33208000000000004,0.18557,0.07857,2.21978,2015,Eastern Asia,0.04098,Medium,High
47,Ecuador,48,5.975,,,0.8640200000000001,0.99903,0.79075,0.48573999999999995,0.11540999999999998,0.1809,2.5394200000000002,2015,Latin America and Caribbean,0.04528,High,High
48,Bahrain,49,5.96,,,1.32376,1.21624,0.74716,0.45492,0.17362,0.306,1.73797,2015,Middle East and Northern Africa,0.05412,High,High
49,Italy,50,5.9479999999999995,,,1.25114,1.19777,0.9544600000000001,0.26236,0.22823000000000002,0.02901,2.0251799999999998,2015,Western Europe,0.03914,Medium,High
50,Bolivia,51,5.89,,,0.68133,0.97841,0.5392,0.57414,0.20536,0.08800000000000001,2.82334,2015,Latin America and Caribbean,0.056420000000000005,High,High
51,Moldova,52,5.888999999999999,,,0.59448,1.01528,0.61826,0.32818,0.20951,0.01615,3.10712,2015,Central and Eastern Europe,0.037989999999999996,Medium,High
52,Paraguay,53,5.877999999999999,,,0.75985,1.30477,0.66098,0.53899,0.3424,0.08242000000000001,2.18896,2015,Latin America and Caribbean,0.045630000000000004,High,High
53,Kazakhstan,54,5.855,,,1.1225399999999999,1.1224100000000001,0.64368,0.51649,0.11827,0.08454,2.24729,2015,Central and Eastern Europe,0.041139999999999996,High,High
54,Slovenia,55,5.848,,,1.18498,1.27385,0.8733700000000001,0.60855,0.25328,0.03787,1.6158299999999999,2015,Central and Eastern Europe,0.04251,High,High
55,Lithuania,56,5.832999999999999,,,1.14723,1.25745,0.73128,0.21341999999999997,0.026410000000000003,0.01031,2.4464900000000003,2015,Central and Eastern Europe,0.03843,Low,High
56,Nicaragua,57,5.827999999999999,,,0.59325,1.14184,0.7431399999999999,0.55475,0.27815,0.19317,2.32407,2015,Latin America and Caribbean,0.05371,High,High
57,Peru,58,5.824,,,0.9001899999999999,0.97459,0.73017,0.41496000000000005,0.14982,0.05989,2.5945,2015,Latin America and Caribbean,0.04615,Medium,High
58,Belarus,59,5.813,,,1.0319200000000002,1.23289,0.7360800000000001,0.37938,0.11045999999999999,0.1909,2.1309,2015,Central and Eastern Europe,0.03938,Medium,High
59,Poland,60,5.791,,,1.12555,1.27948,0.77903,0.53122,0.16759000000000002,0.04212,1.86565,2015,Central and Eastern Europe,0.04263,High,High
60,Malaysia,61,5.77,,,1.12486,1.07023,0.7239399999999999,0.5302399999999999,0.33075,0.10500999999999999,1.8854099999999998,2015,Southeastern Asia,0.0433,High,High
61,Croatia,62,5.7589999999999995,,,1.08254,0.79624,0.78805,0.25883,0.054439999999999995,0.0243,2.75414,2015,Central and Eastern Europe,0.04394,Medium,High
62,Libya,63,5.754,,,1.13145,1.1186200000000002,0.7038,0.41668,0.18295,0.11023,2.0906599999999997,2015,Middle East and Northern Africa,0.07832,Medium,High
63,Russia,64,5.716,,,1.13764,1.23617,0.6692600000000001,0.36679,0.00199,0.03005,2.27394,2015,Central and Eastern Europe,0.03135,Medium,High
64,Jamaica,65,5.709,,,0.81038,1.1510200000000002,0.6874100000000001,0.50442,0.2123,0.02299,2.32038,2015,Latin America and Caribbean,0.13693,High,High
65,North Cyprus,66,5.695,,,1.2080600000000001,1.07008,0.92356,0.49027,0.26169000000000003,0.1428,1.5988799999999999,2015,Western Europe,0.05635,High,High
66,Cyprus,67,5.689,,,1.20813,0.89318,0.92356,0.40671999999999997,0.30638000000000004,0.06146,1.8893099999999998,2015,Western Europe,0.0558,Medium,High
67,Algeria,68,5.605,,,0.93929,1.07772,0.61766,0.28579,0.07822,0.17382999999999998,2.43209,2015,Middle East and Northern Africa,0.05099,Medium,High
68,Kosovo,69,5.5889999999999995,,,0.80148,0.81198,0.63132,0.24749000000000002,0.2831,0.04741,2.76579,2015,Central and Eastern Europe,0.05018,Medium,High
69,Turkmenistan,70,5.547999999999999,,,0.95847,1.22668,0.53886,0.4761,0.16979,0.30844,1.8698400000000002,2015,Central and Eastern Europe,0.04175,High,High
70,Mauritius,71,5.477,,,1.0076100000000001,0.98521,0.7095,0.56066,0.37744,0.07521,1.76145,2015,Sub-Saharan Africa,0.07197,High,High
71,Hong Kong,72,5.474,,,1.38604,1.05818,1.01328,0.59608,0.39478,0.37124,0.6542899999999999,2015,Eastern Asia,0.05051,High,High
72,Estonia,73,5.428999999999999,,,1.15174,1.22791,0.77361,0.44888,0.0868,0.15184,1.58782,2015,Central and Eastern Europe,0.04013,High,High
73,Indonesia,74,5.399,,,0.8282700000000001,1.0870799999999998,0.63793,0.46611,0.51535,0.0,1.86399,2015,Southeastern Asia,0.025960000000000004,High,High
74,Vietnam,75,5.36,,,0.63216,0.9122600000000001,0.7467600000000001,0.59444,0.1686,0.10440999999999999,2.20173,2015,Southeastern Asia,0.03107,High,High
75,Turkey,76,5.332000000000001,,,1.06098,0.94632,0.73172,0.22815,0.12253,0.15746,2.08528,2015,Middle East and Northern Africa,0.03864,Medium,High
76,Kyrgyzstan,77,5.2860000000000005,,,0.47428000000000003,1.15115,0.65088,0.43477,0.3003,0.042319999999999997,2.2327,2015,Central and Eastern Europe,0.03823,High,High
77,Nigeria,78,5.268,,,0.65435,0.9043200000000001,0.16007000000000002,0.34334000000000003,0.27233,0.0403,2.89319,2015,Sub-Saharan Africa,0.04192,Medium,High
78,Bhutan,79,5.252999999999999,,,0.77042,1.10395,0.57407,0.5320600000000001,0.47998,0.15445,1.63794,2015,Southern Asia,0.03225,High,High
79,Azerbaijan,80,5.212000000000001,,,1.02389,0.9379299999999999,0.64045,0.3703,0.07799,0.16065,2.00073,2015,Central and Eastern Europe,0.03363,Medium,High
80,Pakistan,81,5.194,,,0.59543,0.41411000000000003,0.51466,0.12102,0.33671,0.10464000000000001,3.1070900000000004,2015,Southern Asia,0.03726,Low,High
81,Jordan,82,5.192,,,0.9019799999999999,1.05392,0.69639,0.40660999999999997,0.11052999999999999,0.14293,1.8799599999999999,2015,Middle East and Northern Africa,0.045239999999999995,Medium,High
82,Montenegro,82,5.192,,,0.9743799999999999,0.9055700000000001,0.72521,0.1826,0.1614,0.14296,2.10017,2015,Central and Eastern Europe,0.05235,Low,High
83,China,84,5.14,,,0.89012,0.94675,0.81658,0.5169699999999999,0.08185,0.02781,1.8604,2015,Eastern Asia,0.02424,High,High
84,Zambia,85,5.129,,,0.47038,0.91612,0.29924,0.48827,0.19591,0.12468,2.6343,2015,Sub-Saharan Africa,0.06988,High,High
85,Romania,86,5.124,,,1.04345,0.8858799999999999,0.7689,0.35068,0.13748,0.006490000000000001,1.9312900000000002,2015,Central and Eastern Europe,0.06607,Medium,High
86,Serbia,87,5.122999999999999,,,0.92053,1.0096399999999999,0.74836,0.20107,0.19230999999999998,0.02617,2.025,2015,Central and Eastern Europe,0.048639999999999996,Low,High
87,Portugal,88,5.102,,,1.15991,1.13935,0.8751899999999999,0.51469,0.13719,0.01078,1.26462,2015,Western Europe,0.04802,High,High
88,Latvia,89,5.098,,,1.11312,1.09562,0.72437,0.29671,0.18225999999999998,0.06332,1.62215,2015,Central and Eastern Europe,0.0464,Medium,High
89,Philippines,90,5.073,,,0.70532,1.03516,0.58114,0.62545,0.24991,0.12279000000000001,1.7536,2015,Southeastern Asia,0.049339999999999995,High,High
90,Somaliland region,91,5.0569999999999995,,,0.18847,0.95152,0.43873,0.46581999999999996,0.5031800000000001,0.39928,2.11032,2015,Sub-Saharan Africa,0.061610000000000005,High,High
91,Morocco,92,5.013,,,0.7347899999999999,0.64095,0.60954,0.41691000000000006,0.07172,0.08546000000000001,2.4537299999999997,2015,Middle East and Northern Africa,0.0342,Medium,High
92,Macedonia,93,5.007,,,0.91851,1.00232,0.73545,0.33457,0.22359,0.053270000000000005,1.7393299999999998,2015,Central and Eastern Europe,0.05376,Medium,High
93,Mozambique,94,4.971,,,0.08308,1.02626,0.09131,0.34037,0.22269,0.15603,3.05137,2015,Sub-Saharan Africa,0.07896,Medium,Medium
94,Albania,95,4.959,,,0.8786700000000001,0.8043399999999999,0.81325,0.35733000000000004,0.14272,0.06412999999999999,1.89894,2015,Central and Eastern Europe,0.05013,Medium,Medium
95,Bosnia and Herzegovina,96,4.949,,,0.8322299999999999,0.9191600000000001,0.79081,0.09245,0.24808000000000002,0.00227,2.06367,2015,Central and Eastern Europe,0.06913,Low,Medium
96,Lesotho,97,4.898,,,0.37545,1.04103,0.07612000000000001,0.31767,0.16388,0.12504,2.79832,2015,Sub-Saharan Africa,0.09437999999999999,Medium,Medium
97,Dominican Republic,98,4.885,,,0.8953700000000001,1.17202,0.66825,0.57672,0.21684,0.14234000000000002,1.21305,2015,Latin America and Caribbean,0.07446,High,Medium
98,Laos,99,4.876,,,0.5906600000000001,0.73803,0.54909,0.59591,0.42191999999999996,0.24249,1.7379900000000001,2015,Southeastern Asia,0.06698,High,Medium
99,Mongolia,100,4.874,,,0.82819,1.3006,0.60268,0.43626000000000004,0.3323,0.026660000000000003,1.34759,2015,Eastern Asia,0.03313,High,Medium
100,Swaziland,101,4.867,,,0.71206,1.07284,0.07566,0.30658,0.18259,0.0306,2.48676,2015,Sub-Saharan Africa,0.08742,Medium,Medium
101,Greece,102,4.857,,,1.15406,0.9293299999999999,0.88213,0.07699,0.0,0.013969999999999998,1.8010099999999998,2015,Western Europe,0.05062,Low,Medium
102,Lebanon,103,4.8389999999999995,,,1.0256399999999999,0.80001,0.83947,0.33916,0.21854,0.04582,1.57059,2015,Middle East and Northern Africa,0.04337,Medium,Medium
103,Hungary,104,4.8,,,1.12094,1.20215,0.75905,0.32111999999999996,0.128,0.02758,1.24074,2015,Central and Eastern Europe,0.061070000000000006,Medium,Medium
104,Honduras,105,4.788,,,0.59532,0.9534799999999999,0.6951,0.40148,0.23026999999999997,0.06825,1.84408,2015,Latin America and Caribbean,0.056479999999999995,Medium,Medium
105,Tajikistan,106,4.7860000000000005,,,0.39047,0.8556299999999999,0.5737899999999999,0.47216,0.22974,0.15072,2.1139900000000003,2015,Central and Eastern Europe,0.03198,High,Medium
106,Tunisia,107,4.739,,,0.88113,0.60429,0.73793,0.26268,0.06431,0.06358,2.12466,2015,Middle East and Northern Africa,0.03589,Medium,Medium
107,Palestinian Territories,108,4.715,,,0.59867,0.92558,0.66015,0.24499,0.11250999999999999,0.12905,2.0438400000000003,2015,Middle East and Northern Africa,0.04394,Medium,Medium
108,Bangladesh,109,4.694,,,0.39753,0.43106000000000005,0.60164,0.4082,0.21222,0.12569,2.51767,2015,Southern Asia,0.03077,Medium,Medium
109,Iran,110,4.686,,,1.0088,0.54447,0.69805,0.30033000000000004,0.38086,0.058629999999999995,1.6944,2015,Middle East and Northern Africa,0.044489999999999995,Medium,Medium
110,Ukraine,111,4.681,,,0.79907,1.20278,0.6739,0.25123,0.15275,0.02961,1.5714,2015,Central and Eastern Europe,0.04412,Medium,Medium
111,Iraq,112,4.677,,,0.98549,0.81889,0.60237,0.0,0.17922000000000002,0.13788,1.95335,2015,Middle East and Northern Africa,0.052320000000000005,Low,Medium
112,South Africa,113,4.6419999999999995,,,0.9204899999999999,1.18468,0.27688,0.33207,0.11972999999999999,0.08884,1.7195599999999998,2015,Sub-Saharan Africa,0.04585,Medium,Medium
113,Ghana,114,4.633,,,0.5455800000000001,0.6795399999999999,0.40131999999999995,0.42341999999999996,0.23087,0.04355,2.30919,2015,Sub-Saharan Africa,0.04742,Medium,Medium
114,Zimbabwe,115,4.61,,,0.271,1.0327600000000001,0.33475,0.25861,0.18987,0.08079,2.44191,2015,Sub-Saharan Africa,0.0429,Medium,Medium
115,Liberia,116,4.571000000000001,,,0.0712,0.78968,0.34201,0.28531,0.24361999999999998,0.06232000000000001,2.7772900000000003,2015,Sub-Saharan Africa,0.11068,Medium,Medium
116,India,117,4.565,,,0.64499,0.38174,0.5152899999999999,0.39786,0.26475,0.08492000000000001,2.27513,2015,Southern Asia,0.02043,Medium,Medium
117,Sudan,118,4.55,,,0.52107,1.01404,0.36878,0.10081,0.19062,0.1466,2.20857,2015,Sub-Saharan Africa,0.0674,Low,Medium
118,Haiti,119,4.518,,,0.26673,0.74302,0.38847,0.24425,0.46187,0.17175,2.24173,2015,Latin America and Caribbean,0.07331,Medium,Medium
119,Congo (Kinshasa),120,4.5169999999999995,,,0.0,1.0012,0.09806000000000001,0.22605,0.24834,0.07625,2.86712,2015,Sub-Saharan Africa,0.0368,Medium,Medium
120,Nepal,121,4.513999999999999,,,0.35996999999999996,0.86449,0.5687399999999999,0.38282,0.32295999999999997,0.059070000000000004,1.9563700000000002,2015,Southern Asia,0.03607,Medium,Medium
121,Ethiopia,122,4.512,,,0.19072999999999998,0.60406,0.44055,0.4345,0.24325,0.15048,2.44876,2015,Sub-Saharan Africa,0.0378,High,Medium
122,Sierra Leone,123,4.507,,,0.33024000000000003,0.9557100000000001,0.0,0.4084,0.21488000000000002,0.08786000000000001,2.51009,2015,Sub-Saharan Africa,0.07067999999999999,Medium,Medium
123,Mauritania,124,4.436,,,0.45407,0.86908,0.35874,0.24231999999999998,0.21899999999999997,0.17461,2.11773,2015,Sub-Saharan Africa,0.03947,Medium,Medium
124,Kenya,125,4.419,,,0.36471,0.99876,0.41435,0.42215,0.37542,0.05839,1.78555,2015,Sub-Saharan Africa,0.04734,Medium,Medium
125,Djibouti,126,4.369,,,0.44025,0.59207,0.36291,0.46074,0.18093,0.28105,2.05125,2015,Sub-Saharan Africa,0.08096,High,Medium
126,Armenia,127,4.35,,,0.7682100000000001,0.7771100000000001,0.7299,0.19847,0.07855,0.039,1.75873,2015,Central and Eastern Europe,0.04763,Low,Medium
127,Botswana,128,4.332,,,0.99355,1.10464,0.047760000000000004,0.49495,0.10461,0.12474,1.46181,2015,Sub-Saharan Africa,0.049339999999999995,High,Medium
128,Myanmar,129,4.3069999999999995,,,0.27108000000000004,0.70905,0.48246000000000006,0.44017,0.79588,0.19034,1.41805,2015,Southeastern Asia,0.04351,High,Medium
129,Georgia,130,4.297,,,0.7419,0.38561999999999996,0.72926,0.40576999999999996,0.055470000000000005,0.38331,1.59541,2015,Central and Eastern Europe,0.042210000000000004,Medium,Medium
130,Malawi,131,4.292,,,0.016040000000000002,0.41134,0.22562,0.43054,0.33128,0.06977,2.8079099999999997,2015,Sub-Saharan Africa,0.0613,Medium,Medium
131,Sri Lanka,132,4.271,,,0.83524,1.01905,0.70806,0.5372600000000001,0.40828000000000003,0.09179,0.67108,2015,Southern Asia,0.03751,High,Medium
132,Cameroon,133,4.252,,,0.4225,0.8876700000000001,0.23401999999999998,0.49309,0.20618000000000003,0.05786,1.95071,2015,Sub-Saharan Africa,0.04678,High,Medium
133,Bulgaria,134,4.218,,,1.01216,1.10614,0.76649,0.30587,0.11921,0.00872,0.89991,2015,Central and Eastern Europe,0.04828,Medium,Medium
134,Egypt,135,4.194,,,0.8818,0.747,0.61712,0.17288,0.11291,0.06324,1.59927,2015,Middle East and Northern Africa,0.0326,Low,Medium
135,Yemen,136,4.077,,,0.5464899999999999,0.68093,0.40064,0.35570999999999997,0.09131,0.07854,1.92313,2015,Middle East and Northern Africa,0.04367,Medium,Medium
136,Angola,137,4.033,,,0.75778,0.8604,0.16683,0.10384000000000002,0.12344000000000001,0.07122,1.9493900000000002,2015,Sub-Saharan Africa,0.047580000000000004,Low,Medium
137,Mali,138,3.995,,,0.26074,1.03526,0.20583,0.38856999999999997,0.18798,0.12352,1.79293,2015,Sub-Saharan Africa,0.05602000000000001,Medium,Medium
138,Congo (Brazzaville),139,3.989,,,0.67866,0.6629,0.31051,0.41466000000000003,0.12387999999999999,0.11685999999999999,1.68135,2015,Sub-Saharan Africa,0.06682,Medium,Medium
139,Comoros,140,3.9560000000000004,,,0.23906,0.79273,0.36315,0.22916999999999998,0.17440999999999998,0.19899999999999998,1.95812,2015,Sub-Saharan Africa,0.04797,Medium,Medium
140,Uganda,141,3.931,,,0.21101999999999999,1.13299,0.33860999999999997,0.45726999999999995,0.29066,0.07267,1.42766,2015,Sub-Saharan Africa,0.04317,High,Medium
141,Senegal,142,3.904,,,0.36498,0.97619,0.4354,0.36772,0.20843000000000003,0.10712999999999999,1.44395,2015,Sub-Saharan Africa,0.03608,Medium,Medium
142,Gabon,143,3.8960000000000004,,,1.06024,0.90528,0.43372,0.31914000000000003,0.06822,0.11091,0.99895,2015,Sub-Saharan Africa,0.04547,Medium,Medium
143,Niger,144,3.845,,,0.0694,0.77265,0.29707,0.47691999999999996,0.19387000000000001,0.15639,1.87877,2015,Sub-Saharan Africa,0.036019999999999996,High,Medium
144,Cambodia,145,3.819,,,0.46038,0.62736,0.61114,0.66246,0.40359,0.07247,0.98195,2015,Southeastern Asia,0.05069,High,Medium
145,Tanzania,146,3.781,,,0.2852,1.00268,0.38215,0.32878,0.34376999999999996,0.05747000000000001,1.38079,2015,Sub-Saharan Africa,0.05061,Medium,Medium
146,Madagascar,147,3.681,,,0.20824,0.66801,0.46721,0.19184,0.21333000000000002,0.08123999999999999,1.851,2015,Sub-Saharan Africa,0.03633,Low,Medium
147,Central African Republic,148,3.678,,,0.0785,0.0,0.06699,0.48878999999999995,0.23835,0.08288999999999999,2.7223,2015,Sub-Saharan Africa,0.06112000000000001,High,Medium
148,Chad,149,3.667,,,0.34193,0.76062,0.1501,0.23501,0.18386,0.05269,1.9429599999999998,2015,Sub-Saharan Africa,0.0383,Medium,Medium
149,Guinea,150,3.656,,,0.17417,0.46475,0.24009,0.37725,0.28657,0.12139000000000001,1.9917200000000002,2015,Sub-Saharan Africa,0.0359,Medium,Medium
150,Ivory Coast,151,3.655,,,0.46534,0.77115,0.15185,0.46866,0.20165,0.17922000000000002,1.41723,2015,Sub-Saharan Africa,0.051410000000000004,High,Medium
151,Burkina Faso,152,3.5869999999999997,,,0.25811999999999996,0.85188,0.27125,0.39493,0.21746999999999997,0.12832000000000002,1.46494,2015,Sub-Saharan Africa,0.04324,Medium,Medium
152,Afghanistan,153,3.575,,,0.31982,0.30285,0.30335,0.23414000000000001,0.3651,0.09719,1.9521,2015,Southern Asia,0.03084,Medium,Medium
153,Rwanda,154,3.465,,,0.22208000000000003,0.7737,0.42863999999999997,0.59201,0.22628,0.55191,0.67042,2015,Sub-Saharan Africa,0.03464,High,Medium
154,Benin,155,3.34,,,0.28665,0.35386,0.3191,0.4845,0.1826,0.0801,1.6332799999999998,2015,Sub-Saharan Africa,0.03656,High,Medium
155,Syria,156,3.0060000000000002,,,0.6632,0.47489,0.7219300000000001,0.15684,0.47179,0.18905999999999998,0.32858000000000004,2015,Middle East and Northern Africa,0.05015,Low,Medium
156,Burundi,157,2.905,,,0.0153,0.41586999999999996,0.22396,0.1185,0.19727,0.10062,1.83302,2015,Sub-Saharan Africa,0.08657999999999999,Low,Medium
157,Togo,158,2.839,,,0.20868,0.13995,0.28443,0.36453,0.16680999999999999,0.10730999999999999,1.56726,2015,Sub-Saharan Africa,0.06727000000000001,Medium,Medium
