month,day,FFMC,DMC,DC,ISI,temp,RH,wind,rain,MeanFire,IQRFire
0.3333333333333333,1.0,0.870967741935484,0.0864920744314266,0.10132520229858098,0.09090909090909091,0.19292604501607719,0.4235294117647059,0.7000000000000001,0.0,0,0
1.0,0.0,0.927741935483871,0.11819434872501723,0.7754192564794183,0.11942959001782533,0.5080385852090032,0.21176470588235297,0.055555555555555546,0.0,0,0
1.0,1.0,0.927741935483871,0.14679531357684358,0.7962941245455611,0.11942959001782533,0.39871382636655955,0.21176470588235297,0.09999999999999998,0.0,0,0
0.3333333333333333,1.0,0.9419354838709679,0.11095796002756719,0.08162307962941247,0.16042780748663102,0.1961414790996785,0.9647058823529411,0.39999999999999997,0.03125,0,0
0.3333333333333333,1.0,0.9109677419354838,0.1729841488628532,0.1105898909346781,0.1711229946524064,0.29581993569131837,0.9882352941176471,0.15555555555555553,0.0,0,0
0.6666666666666667,1.0,0.9496774193548387,0.290144727773949,0.5630350650873696,0.2620320855614973,0.6430868167202572,0.1647058823529412,0.5555555555555556,0.0,0,0
0.6666666666666667,0.0,0.9496774193548387,0.3025499655410062,0.5719479301043744,0.15151515151515152,0.7041800643086817,0.1411764705882353,0.3,0.0,0,0
0.6666666666666667,0.0,0.9393548387096775,0.4972432804962095,0.7039990618036825,0.19073083778966132,0.18649517684887462,0.8352941176470587,0.2,0.0,0,0
1.0,0.0,0.9329032258064516,0.44245348035837356,0.8029787733083148,0.12477718360071302,0.35048231511254024,0.5647058823529412,0.5555555555555556,0.0,0,0
1.0,1.0,0.9522580645161292,0.2994486560992419,0.8100152456901607,0.1265597147950089,0.662379421221865,0.29411764705882354,0.39999999999999997,0.0,0,0
1.0,1.0,0.9522580645161292,0.2994486560992419,0.8100152456901607,0.1265597147950089,0.5016077170418007,0.4235294117647059,0.7555555555555555,0.0,0,0
1.0,1.0,0.9561290322580644,0.24844934527911788,0.8269027794065908,0.4028520499108735,0.54983922829582,0.27058823529411763,0.39999999999999997,0.0,0,0
0.6666666666666667,1.0,0.5780645161290323,0.24017918676774638,0.7709628239709159,0.014260249554367202,0.47588424437299043,0.6705882352941177,0.7000000000000001,0.0,0,0
1.0,0.0,0.9316129032258067,0.4321157822191592,0.7958250263867714,0.12477718360071302,0.6141479099678457,0.31764705882352945,0.2,0.0,0,0
1.0,0.0,0.9574193548387098,0.4555478980013784,0.811187991087135,0.1639928698752228,0.7781350482315113,0.07058823529411767,0.45555555555555555,0.0,0,0
1.0,1.0,0.9625806451612904,0.4827705031013094,0.8279582502638677,0.24777183600713015,0.6655948553054662,0.34117647058823525,0.5555555555555556,0.0,0,0
0.3333333333333333,1.0,0.9419354838709679,0.11957270847691247,0.0854931394394277,0.13903743315508021,0.414790996784566,0.1411764705882353,0.5555555555555556,0.0,0,0
1.0,0.0,0.8541935483870968,0.10923501033769814,0.7696728040342442,0.05347593582887701,0.46623794212218655,0.37647058823529417,0.5000000000000001,0.0,0,0
0.3333333333333333,0.0,0.9096774193548389,0.0923501033769814,0.07376568546968454,0.11229946524064172,0.4405144694533763,0.23529411764705882,0.39999999999999997,0.0,0,0
0.3333333333333333,1.0,0.8722580645161291,0.09062715368711234,0.10460888941010907,0.09090909090909091,0.22829581993569137,0.34117647058823525,0.45555555555555555,0.0,0,0
1.0,0.0,0.9329032258064516,0.44245348035837356,0.8029787733083148,0.12477718360071302,0.5176848874598072,0.29411764705882354,0.25555555555555554,0.0,0,0
1.0,0.0,0.943225806451613,0.26671261199172985,0.8401548023924006,0.1639928698752228,0.5434083601286175,0.27058823529411763,0.25555555555555554,0.0,0,0
0.6666666666666667,1.0,0.975483870967742,0.3280496209510682,0.22528439075876627,1.0,0.604501607717042,0.34117647058823525,0.45555555555555555,0.0,0,0
0.6666666666666667,1.0,0.9225806451612903,0.3783597518952447,0.6209686876979008,0.11051693404634581,0.5562700964630225,0.32941176470588235,0.6,0.0,0,0
0.6666666666666667,1.0,0.9651612903225808,0.47656788421778085,0.6875806262460421,0.36185383244206776,0.6913183279742765,0.2,0.6,0.0,0,0
0.6666666666666667,1.0,0.9380645161290324,0.4869055823569952,0.6960243931042571,0.1889483065953654,0.45337620578778143,0.5294117647058822,0.5555555555555556,0.0,0,0
1.0,1.0,0.9509677419354841,0.40248104755341146,0.7741292365427466,0.21746880570409982,0.5401929260450162,0.22352941176470592,0.6,0.0,0,0
1.0,0.0,0.9316129032258067,0.4321157822191592,0.7958250263867714,0.12477718360071302,0.5530546623794212,0.38823529411764707,0.09999999999999998,0.0,0,0
1.0,1.0,0.9638709677419357,0.4972432804962095,0.8367538407411751,0.1443850267379679,0.9003215434083602,0.10588235294117648,0.25555555555555554,0.0,0,0
1.0,1.0,0.9651612903225808,0.5106822880771882,0.8451976075993902,0.1443850267379679,0.662379421221865,0.2823529411764706,0.3555555555555555,0.0,0,0
1.0,1.0,0.975483870967742,0.2894555478980014,0.8026269496892224,0.28342245989304815,0.7459807073954985,0.10588235294117648,0.3555555555555555,0.0,0,0
1.0,0.0,0.9019354838709677,0.3125430737422467,0.8232672686759704,0.1265597147950089,0.28938906752411575,0.7411764705882353,0.7999999999999999,0.0,0,0
1.0,1.0,0.9019354838709677,0.23638869745003446,0.81963175794535,0.10338680926916222,0.5916398713826367,0.25882352941176473,0.15555555555555553,0.0,0,0
1.0,1.0,0.9419354838709679,0.2567195037904893,0.8331183300105547,0.13903743315508021,0.49839228295819943,0.2823529411764706,0.3555555555555555,0.0,0,0
1.0,0.0,0.943225806451613,0.26671261199172985,0.8401548023924006,0.1639928698752228,0.6109324758842445,0.2,0.25555555555555554,0.0,0,0
1.0,0.0,0.9238709677419354,0.2742935906271537,0.8470740002345492,0.11229946524064172,0.5144694533762058,0.5529411764705883,0.45555555555555555,0.0,0,0
1.0,0.0,0.927741935483871,0.11819434872501723,0.7754192564794183,0.11942959001782533,0.627009646302251,0.10588235294117648,0.45555555555555555,0.0,0,0
1.0,1.0,0.9200000000000002,0.13921433494141972,0.7912513193385716,0.1550802139037433,0.2926045016077171,0.5294117647058822,0.5555555555555556,0.0,0,0
1.0,1.0,0.927741935483871,0.14679531357684358,0.7962941245455611,0.11942959001782533,0.5016077170418007,0.1411764705882353,0.39999999999999997,0.0,0,0
0.3333333333333333,0.0,0.895483870967742,0.08476912474155755,0.07001290019936672,0.0677361853832442,0.3826366559485531,0.32941176470588235,0.25555555555555554,0.0,0,0
0.6666666666666667,0.0,0.7845161290322582,0.20503101309441765,0.4207810484343849,0.026737967914438505,0.6784565916398715,0.25882352941176473,0.3,0.0,0,0
0.6666666666666667,1.0,0.9225806451612903,0.3301171605789111,0.7227629881552716,0.15864527629233513,0.5209003215434085,0.31764705882352945,0.7000000000000001,0.0,0,0
0.6666666666666667,0.0,0.9819354838709677,0.3694004135079256,0.7496188577459835,0.30303030303030304,0.4630225080385853,0.4588235294117647,0.5555555555555556,0.0,0,0
1.0,1.0,0.9522580645161292,0.2994486560992419,0.8100152456901607,0.1265597147950089,0.559485530546624,0.38823529411764707,0.25555555555555554,0.0,0,0
1.0,0.0,0.9212903225806452,0.28187456926257753,0.8535240999179079,0.11051693404634581,0.3440514469453377,0.6941176470588235,0.5000000000000001,0.0,0,0
1.0,0.0,0.975483870967742,0.2894555478980014,0.8026269496892224,0.28342245989304815,0.762057877813505,0.10588235294117648,0.39999999999999997,0.0,0,0
1.0,0.0,0.9316129032258067,0.4321157822191592,0.7958250263867714,0.12477718360071302,0.4019292604501608,0.6470588235294117,0.3555555555555555,0.0,0,0
0.6666666666666667,0.0,0.9741935483870969,0.21088904203997244,0.5101442476838278,0.19607843137254902,0.6688102893890677,0.24705882352941178,0.3,0.0,0,0
0.3333333333333333,0.0,0.8838709677419356,0.07856650585802895,0.06661193854814121,0.0730837789661319,0.30868167202572355,0.23529411764705882,0.15555555555555553,0.0,0,0
0.3333333333333333,0.0,0.889032258064516,0.17608545830461753,0.112466283569837,0.08912655971479501,0.28295819935691324,0.36470588235294116,0.6,0.0,0,0
1.0,0.0,0.9574193548387098,0.4682977257064094,0.8191626597865603,0.1639928698752228,0.5980707395498392,0.02352941176470591,0.09999999999999998,0.0,0,0
0.6666666666666667,1.0,0.9225806451612903,0.33942108890420397,0.7309722059340918,0.11229946524064172,0.6205787781350482,0.22352941176470592,0.2,0.0,0,0
0.6666666666666667,0.0,0.9470967741935483,0.3793935217091661,0.7578280755248036,0.1711229946524064,0.5852090032154342,0.31764705882352945,0.5000000000000001,0.0,0,0
0.6666666666666667,0.0,0.9470967741935483,0.3793935217091661,0.7578280755248036,0.1711229946524064,0.5852090032154342,0.31764705882352945,0.5000000000000001,0.0,0,0
0.6666666666666667,0.0,0.9419354838709679,0.39007580978635426,0.7662718423830186,0.11229946524064172,0.4951768488745982,0.35294117647058826,0.3555555555555555,0.0,0,0
1.0,0.0,0.9574193548387098,0.4682977257064094,0.8191626597865603,0.1639928698752228,0.819935691318328,0.10588235294117648,0.2,0.0,0,0
1.0,0.0,0.9238709677419354,0.2742935906271537,0.8470740002345492,0.11229946524064172,0.5016077170418007,0.5647058823529412,0.5000000000000001,0.0,0,0
1.0,1.0,0.9535483870967743,0.15644383184011026,0.8020405769907353,0.15686274509803924,0.37299035369774924,0.411764705882353,0.25555555555555554,0.0,0,0
0.0,0.0,0.8425806451612905,0.02825637491385252,0.03060865486102967,0.03743315508021391,0.37620578778135055,0.29411764705882354,0.5555555555555556,0.0,0,0
0.0,1.0,0.8761290322580646,0.04169538249483115,0.04116336343379852,0.0944741532976827,0.32475884244373,0.4235294117647059,0.055555555555555546,0.0,0,0
0.3333333333333333,1.0,0.9109677419354838,0.1729841488628532,0.1105898909346781,0.1711229946524064,0.2990353697749197,0.2823529411764706,0.6,0.0,0,0
0.3333333333333333,1.0,0.9109677419354838,0.1729841488628532,0.1105898909346781,0.1711229946524064,0.10610932475884247,0.5176470588235293,0.6555555555555556,0.0,0,0
0.6666666666666667,0.0,0.9587096774193549,0.2556857339765679,0.5379383135921192,0.13725490196078433,0.5337620578778135,0.23529411764705882,0.5000000000000001,0.0,0,0
0.6666666666666667,1.0,0.9225806451612903,0.33942108890420397,0.7309722059340918,0.11229946524064172,0.5980707395498392,0.21176470588235297,0.25555555555555554,0.0,0,0
0.6666666666666667,0.0,0.9341935483870967,0.35182632667126124,0.7398850709510965,0.10338680926916222,0.672025723472669,0.18823529411764706,0.3,0.0,0,0
0.6666666666666667,0.0,0.9419354838709679,0.39007580978635426,0.7662718423830186,0.11229946524064172,0.527331189710611,0.34117647058823525,0.45555555555555555,0.0,0,0
1.0,1.0,0.9509677419354841,0.40248104755341146,0.7741292365427466,0.21746880570409982,0.6688102893890677,0.25882352941176473,0.45555555555555555,0.0,0,0
1.0,1.0,0.9509677419354841,0.40248104755341146,0.7741292365427466,0.21746880570409982,0.559485530546624,0.21176470588235297,0.5555555555555556,0.0,0,0
1.0,1.0,0.9509677419354841,0.40248104755341146,0.7741292365427466,0.21746880570409982,0.559485530546624,0.21176470588235297,0.6555555555555556,0.0,0,0
0.3333333333333333,1.0,0.9419354838709679,0.11095796002756719,0.08162307962941247,0.16042780748663102,0.48231511254019294,0.1294117647058824,0.45555555555555555,0.0,0,0
0.3333333333333333,1.0,0.935483870967742,0.16264645072363887,0.1054298111879911,0.22281639928698754,0.43729903536977505,0.1411764705882353,0.7999999999999999,0.0,0,0
1.0,1.0,0.975483870967742,0.2894555478980014,0.8026269496892224,0.28342245989304815,0.49839228295819943,0.25882352941176473,0.3555555555555555,0.0,0,0
0.3333333333333333,1.0,0.9419354838709679,0.11095796002756719,0.08162307962941247,0.16042780748663102,0.4308681672025724,0.11764705882352944,0.6555555555555556,0.0,0,0
0.6666666666666667,0.0,0.9045161290322581,0.5037904893177119,0.7113873578046207,0.16042780748663102,0.4855305466237943,0.32941176470588235,0.45555555555555555,0.0,0,0
1.0,1.0,0.9625806451612904,0.4827705031013094,0.8279582502638677,0.24777183600713015,0.8167202572347267,0.1764705882352941,0.09999999999999998,0.0,0,0
0.0,0.0,0.8451612903225807,0.019641626464507234,0.02193033892341973,0.13725490196078433,0.1446945337620579,0.7529411764705882,0.3,0.0,0,0
0.0,1.0,0.8761290322580646,0.04169538249483115,0.04116336343379852,0.0944741532976827,0.4340836012861737,0.32941176470588235,0.3,0.0,0,0
0.3333333333333333,0.0,0.889032258064516,0.17608545830461753,0.112466283569837,0.08912655971479501,0.1961414790996785,0.6705882352941177,0.3,0.0,0,0
0.6666666666666667,1.0,0.9212903225806452,0.3683666436940041,0.612055822680896,0.22281639928698754,0.4019292604501608,0.6000000000000001,0.25555555555555554,0.0,0,0
0.6666666666666667,0.0,0.9329032258064516,0.4138525155065472,0.6493491263046793,0.12477718360071302,0.6237942122186497,0.047058823529411764,0.7000000000000001,0.0,0,0
0.6666666666666667,1.0,0.9380645161290324,0.4869055823569952,0.6960243931042571,0.1889483065953654,0.5562700964630225,0.2823529411764706,0.6555555555555556,0.0,0,0
0.6666666666666667,1.0,0.9225806451612903,0.33942108890420397,0.7309722059340918,0.11229946524064172,0.504823151125402,0.34117647058823525,0.2,0.0,0,0
0.6666666666666667,0.0,0.9819354838709677,0.3694004135079256,0.7496188577459835,0.30303030303030304,0.527331189710611,0.4235294117647059,0.45555555555555555,0.0,0,0
0.6666666666666667,0.0,0.9470967741935483,0.3793935217091661,0.7578280755248036,0.1711229946524064,0.4630225080385853,0.37647058823529417,0.055555555555555546,0.0,0,0
0.6666666666666667,0.0,0.9419354838709679,0.39007580978635426,0.7662718423830186,0.11229946524064172,0.5787781350482315,0.35294117647058826,0.3555555555555555,0.0,0,0
1.0,0.0,0.9574193548387098,0.4682977257064094,0.8191626597865603,0.1639928698752228,0.6205787781350482,0.0,0.055555555555555546,0.0,0,0
1.0,0.0,0.9574193548387098,0.4682977257064094,0.8191626597865603,0.1639928698752228,0.7459807073954985,0.1411764705882353,0.2,0.0,0,0
1.0,0.0,0.9574193548387098,0.4682977257064094,0.8191626597865603,0.1639928698752228,0.6495176848874598,0.22352941176470592,0.2,0.0,0,0
1.0,1.0,0.9651612903225808,0.5106822880771882,0.8451976075993902,0.1443850267379679,0.7427652733118972,0.24705882352941178,0.3555555555555555,0.0,0,0
0.3333333333333333,1.0,0.9419354838709679,0.11957270847691247,0.0854931394394277,0.13903743315508021,0.48874598070739556,0.11764705882352944,0.5000000000000001,0.0,0,0
0.6666666666666667,1.0,0.9225806451612903,0.3301171605789111,0.7227629881552716,0.15864527629233513,0.4019292604501608,0.5176470588235293,0.6,0.0,0,0
0.3333333333333333,1.0,0.9419354838709679,0.11957270847691247,0.0854931394394277,0.13903743315508021,0.48874598070739556,0.10588235294117648,0.5555555555555556,0.0,0,0
0.6666666666666667,1.0,0.9496774193548387,0.290144727773949,0.5630350650873696,0.2620320855614973,0.5980707395498392,0.2,0.6555555555555556,0.0,0,0
0.6666666666666667,1.0,0.9380645161290324,0.4869055823569952,0.6960243931042571,0.1889483065953654,0.5144694533762058,0.32941176470588235,0.5000000000000001,0.0,0,0
0.6666666666666667,0.0,0.9341935483870967,0.35182632667126124,0.7398850709510965,0.10338680926916222,0.6816720257234727,0.08235294117647057,0.25555555555555554,0.0,0,0
1.0,1.0,0.9161290322580646,0.30634045485871814,0.8168171689926117,0.0855614973262032,0.5016077170418007,0.5764705882352941,0.09999999999999998,0.0,0,0
0.0,1.0,0.8412903225806454,0.02377670572019297,0.026152222352527267,0.04634581105169341,0.33762057877813506,0.38823529411764707,0.15555555555555553,0.0,0,0
0.3333333333333333,1.0,0.6490322580645163,0.004479669193659544,0.008912865017004808,0.012477718360071301,0.48874598070739556,0.10588235294117648,0.5555555555555556,0.0,0,0
0.6666666666666667,1.0,0.9380645161290324,0.4869055823569952,0.6960243931042571,0.1889483065953654,0.30225080385852093,0.8470588235294116,0.45555555555555555,0.0,0,0
0.6666666666666667,1.0,0.9380645161290324,0.4869055823569952,0.6960243931042571,0.1889483065953654,0.5659163987138265,0.2823529411764706,0.5555555555555556,0.0,0,0
0.6666666666666667,1.0,0.9380645161290324,0.4869055823569952,0.6960243931042571,0.1889483065953654,0.5659163987138265,0.2823529411764706,0.5555555555555556,0.0,0,0
0.6666666666666667,0.0,0.9045161290322581,0.5037904893177119,0.7113873578046207,0.16042780748663102,0.392282958199357,0.6000000000000001,0.5555555555555556,0.0,0,0
0.6666666666666667,0.0,0.9819354838709677,0.3694004135079256,0.7496188577459835,0.30303030303030304,0.5755627009646302,0.29411764705882354,0.39999999999999997,0.0,0,0
1.0,1.0,0.9522580645161292,0.4135079255685734,0.7816348070833822,0.1532976827094474,0.7041800643086817,0.1647058823529412,0.45555555555555555,0.0,0,0
0.0,1.0,0.8180645161290323,0.00895933838731909,0.0016418435557640446,0.05169340463458111,0.09967845659163987,0.7411764705882353,0.3,0.0,0,0
0.3333333333333333,1.0,0.8670967741935485,0.06340454858718125,0.05793362261053125,0.049910873440285206,0.33762057877813506,0.4352941176470589,0.6555555555555556,0.0,0,0
0.3333333333333333,0.0,0.9380645161290324,0.1019986216402481,0.07787029435909465,0.13368983957219252,0.5144694533762058,0.1647058823529412,0.3,0.0,0,0
0.6666666666666667,1.0,0.9225806451612903,0.33942108890420397,0.7309722059340918,0.11229946524064172,0.617363344051447,0.21176470588235297,0.3,0.0,0,0
1.0,1.0,0.9522580645161292,0.2994486560992419,0.8100152456901607,0.1265597147950089,0.581993569131833,0.35294117647058826,0.3,0.0,0,0
1.0,0.0,0.9019354838709677,0.3125430737422467,0.8232672686759704,0.1265597147950089,0.48874598070739556,0.4823529411764706,0.5555555555555556,0.0,0,0
0.3333333333333333,1.0,0.8670967741935485,0.06340454858718125,0.05793362261053125,0.049910873440285206,0.36977491961414793,0.32941176470588235,0.6,0.0,0,0
0.3333333333333333,1.0,0.9419354838709679,0.11095796002756719,0.08162307962941247,0.16042780748663102,0.5337620578778135,0.03529411764705884,0.45555555555555555,0.0,0,0
1.0,1.0,0.9161290322580646,0.30634045485871814,0.8168171689926117,0.0855614973262032,0.662379421221865,0.2823529411764706,0.3555555555555555,0.0,0,0
1.0,0.0,0.943225806451613,0.26671261199172985,0.8401548023924006,0.1639928698752228,0.5369774919614148,0.23529411764705882,0.25555555555555554,0.0,0,0
0.3333333333333333,0.0,0.895483870967742,0.08476912474155755,0.07001290019936672,0.0677361853832442,0.43729903536977505,0.1411764705882353,0.7999999999999999,0.0,0,0
0.3333333333333333,0.0,0.895483870967742,0.08476912474155755,0.07001290019936672,0.0677361853832442,0.4276527331189711,0.1411764705882353,0.6555555555555556,0.0,0,0
0.3333333333333333,1.0,0.9419354838709679,0.11957270847691247,0.0854931394394277,0.13903743315508021,0.30225080385852093,0.1764705882352941,0.6555555555555556,0.0,0,0
0.3333333333333333,1.0,0.9419354838709679,0.11957270847691247,0.0854931394394277,0.13903743315508021,0.41800643086816724,0.1411764705882353,0.5000000000000001,0.0,0,0
0.3333333333333333,0.0,0.9212903225806452,0.1330117160578911,0.09229506274187874,0.11051693404634581,0.27009646302250806,0.1764705882352941,0.39999999999999997,0.0,0,0
0.6666666666666667,0.0,0.9587096774193549,0.2556857339765679,0.5379383135921192,0.13725490196078433,0.559485530546624,0.24705882352941178,0.3,0.0,0,0
0.6666666666666667,0.0,0.9393548387096775,0.4972432804962095,0.7039990618036825,0.19073083778966132,0.26045016077170424,0.6941176470588235,0.2,0.0,0,0
0.6666666666666667,0.0,0.9393548387096775,0.4972432804962095,0.7039990618036825,0.19073083778966132,0.4790996784565918,0.32941176470588235,0.5555555555555556,0.0,0,0
1.0,1.0,0.9509677419354841,0.4238456237077877,0.7890231030843204,0.15151515151515152,0.6527331189710612,0.31764705882352945,0.5555555555555556,0.0,0,0
1.0,0.0,0.8477419354838711,0.24913852515506552,0.7787029435909464,0.05704099821746881,0.504823151125402,0.35294117647058826,0.3,0.0,0,0
1.0,1.0,0.975483870967742,0.2894555478980014,0.8026269496892224,0.28342245989304815,0.5659163987138265,0.411764705882353,0.5555555555555556,0.0,0,0
1.0,1.0,0.9535483870967743,0.15644383184011026,0.8020405769907353,0.15686274509803924,0.5916398713826367,0.10588235294117648,0.5555555555555556,0.0,0,0
0.3333333333333333,0.0,0.889032258064516,0.17608545830461753,0.112466283569837,0.08912655971479501,0.2186495176848875,0.39999999999999997,0.2,0.0,0,0
1.0,1.0,0.9651612903225808,0.5106822880771882,0.8451976075993902,0.1443850267379679,0.48231511254019294,0.32941176470588235,0.3,0.0,0,0
1.0,0.0,0.9380645161290324,0.1268090971743625,0.7809311598451976,0.09269162210338681,0.4405144694533763,0.36470588235294116,0.3555555555555555,0.0,0,0
1.0,1.0,0.9535483870967743,0.15644383184011026,0.8020405769907353,0.15686274509803924,0.42443729903536986,0.23529411764705882,0.055555555555555546,0.0,0,0
0.0,1.0,0.6387096774193548,0.07029634734665748,0.09299870998006333,0.014260249554367202,0.42443729903536986,0.29411764705882354,0.25555555555555554,0.0,0,0
0.3333333333333333,0.0,0.8838709677419356,0.07856650585802895,0.06661193854814121,0.0730837789661319,0.3794212218649518,0.2823529411764706,0.3,0.0,0,0
0.3333333333333333,1.0,0.9109677419354838,0.1729841488628532,0.1105898909346781,0.1711229946524064,0.27009646302250806,0.36470588235294116,0.5000000000000001,0.0,0,0
1.0,0.0,0.967741935483871,0.2749827705031013,0.7943004573707049,0.3190730837789661,0.4951768488745982,0.31764705882352945,0.3,0.0,0,0
0.3333333333333333,0.0,0.895483870967742,0.08476912474155755,0.07001290019936672,0.0677361853832442,0.4083601286173634,0.27058823529411763,0.25555555555555554,0.0,0,0
0.6666666666666667,1.0,0.9651612903225808,0.47656788421778085,0.6875806262460421,0.36185383244206776,0.4951768488745982,0.4352941176470589,0.6,0.0,0,0
1.0,1.0,0.9509677419354841,0.4238456237077877,0.7890231030843204,0.15151515151515152,0.48231511254019294,0.5058823529411764,0.09999999999999998,0.0,0,0
1.0,0.0,0.9316129032258067,0.4321157822191592,0.7958250263867714,0.12477718360071302,0.4308681672025724,0.6000000000000001,0.3,0.0,0,0
0.6666666666666667,0.0,0.8658064516129031,0.16264645072363887,0.3582737187756538,0.06951871657754011,0.5080385852090032,0.31764705882352945,0.25555555555555554,0.0,0,0
1.0,0.0,0.9329032258064516,0.44245348035837356,0.8029787733083148,0.12477718360071302,0.627009646302251,0.27058823529411763,0.2,0.0,0,0
1.0,0.0,0.9316129032258067,0.4321157822191592,0.7958250263867714,0.12477718360071302,0.6334405144694535,0.2823529411764706,0.15555555555555553,0.0,0,0
0.6666666666666667,0.0,0.9909677419354839,0.3404548587181255,0.5927055236308197,0.23529411764705882,0.6784565916398715,0.18823529411764706,0.45555555555555555,0.0,0,0
0.6666666666666667,1.0,0.9212903225806452,0.3683666436940041,0.612055822680896,0.22281639928698754,0.6109324758842445,0.4235294117647059,0.9444444444444445,0.0,0,0
0.6666666666666667,1.0,0.9200000000000002,0.1729841488628532,0.33821977248739304,0.1550802139037433,0.4630225080385853,0.4470588235294118,0.5555555555555556,0.0,0,0
0.6666666666666667,0.0,0.9909677419354839,0.3404548587181255,0.5927055236308197,0.23529411764705882,0.694533762057878,0.2,0.5555555555555556,0.0,0,0
0.6666666666666667,0.0,0.9870967741935486,0.45003445899379735,0.6695203471326375,0.18538324420677363,0.8102893890675242,0.08235294117647057,0.39999999999999997,0.0,0,0
0.3333333333333333,0.0,0.9212903225806452,0.1330117160578911,0.09229506274187874,0.11051693404634581,0.3536977491961415,0.29411764705882354,0.5555555555555556,0.0,0,0
1.0,0.0,0.8477419354838711,0.24913852515506552,0.7787029435909464,0.05704099821746881,0.707395498392283,0.15294117647058825,0.3555555555555555,0.0,0,0
0.6666666666666667,0.0,0.9819354838709677,0.3694004135079256,0.7496188577459835,0.30303030303030304,0.48874598070739556,0.32941176470588235,0.7000000000000001,0.0,0,0
1.0,0.0,0.967741935483871,0.2749827705031013,0.7943004573707049,0.3190730837789661,0.6913183279742765,0.11764705882352944,0.45555555555555555,0.0,0,0
0.6666666666666667,1.0,0.9522580645161292,0.19055823569951758,0.49888589187287447,0.1265597147950089,0.6752411575562702,0.2823529411764706,0.5555555555555556,0.0,0,0
0.6666666666666667,1.0,0.9212903225806452,0.23259820813232251,0.40729447636918026,0.12834224598930483,0.7266881028938907,0.1647058823529412,0.2,0.0,0,0
0.6666666666666667,1.0,0.9212903225806452,0.17263955892487942,0.48809663422071076,0.11051693404634581,0.7202572347266882,0.32941176470588235,0.15555555555555553,0.0,0,0
1.0,1.0,0.975483870967742,0.2894555478980014,0.8026269496892224,0.28342245989304815,0.5755627009646302,0.37647058823529417,0.5000000000000001,0.0,0,0
1.0,1.0,0.9638709677419357,0.4972432804962095,0.8367538407411751,0.1443850267379679,0.8810289389067525,0.1411764705882353,0.25555555555555554,0.0,0,0
0.6666666666666667,1.0,0.9819354838709677,0.3694004135079256,0.7496188577459835,0.30303030303030304,0.4565916398713827,0.37647058823529417,0.09999999999999998,0.0,0,0
1.0,1.0,0.9638709677419357,0.4972432804962095,0.8367538407411751,0.1443850267379679,0.8488745980707397,0.1411764705882353,0.2,0.0,0,0
0.6666666666666667,0.0,0.9470967741935483,0.3793935217091661,0.7578280755248036,0.1711229946524064,0.5209003215434085,0.35294117647058826,0.3555555555555555,0.0,0,0
0.6666666666666667,0.0,0.9470967741935483,0.3793935217091661,0.7578280755248036,0.1711229946524064,0.5884244372990355,0.23529411764705882,0.39999999999999997,0.0,0,0
1.0,1.0,0.9509677419354841,0.40248104755341146,0.7741292365427466,0.21746880570409982,0.5401929260450162,0.22352941176470592,0.6,0.0,0,0
0.3333333333333333,0.0,0.9212903225806452,0.1330117160578911,0.09229506274187874,0.11051693404634581,0.4469453376205789,0.1647058823529412,0.3,0.0,0,0
0.6666666666666667,0.0,0.9870967741935486,0.45003445899379735,0.6695203471326375,0.18538324420677363,0.581993569131833,0.3058823529411765,0.39999999999999997,0.0,0,0
0.3333333333333333,1.0,0.927741935483871,0.16884906960716747,0.10847894922012433,0.13903743315508021,0.41800643086816724,0.18823529411764706,0.9,0.0,0,0
1.0,1.0,0.9522580645161292,0.4135079255685734,0.7816348070833822,0.1532976827094474,0.5016077170418007,0.4823529411764706,0.15555555555555553,0.0,0,0
1.0,1.0,0.9161290322580646,0.30634045485871814,0.8168171689926117,0.0855614973262032,0.5016077170418007,0.611764705882353,0.2,0.0,0,0
0.3333333333333333,0.0,0.8541935483870968,0.058924879393521715,0.05523630819749032,0.05347593582887701,0.09967845659163987,0.6470588235294117,0.45555555555555555,0.0,1,0
0.6666666666666667,0.0,0.9470967741935483,0.3793935217091661,0.7578280755248036,0.1711229946524064,0.4630225080385853,0.37647058823529417,0.055555555555555546,0.0,1,0
0.6666666666666667,0.0,0.9974193548387098,0.43418332184700204,0.6597865603377507,0.29411764705882354,0.6816720257234727,0.21176470588235297,0.45555555555555555,0.0,1,0
0.3333333333333333,1.0,0.935483870967742,0.16264645072363887,0.1054298111879911,0.22281639928698754,0.39871382636655955,0.1294117647058824,1.0,0.0,1,0
0.6666666666666667,0.0,0.9870967741935486,0.45003445899379735,0.6695203471326375,0.18538324420677363,0.594855305466238,0.35294117647058826,0.2,0.0,1,0
1.0,0.0,0.9574193548387098,0.4555478980013784,0.811187991087135,0.1639928698752228,0.6334405144694535,0.23529411764705882,0.15555555555555553,0.0,1,0
0.6666666666666667,0.0,0.863225806451613,0.3077188146106134,0.7056409053594466,0.11764705882352941,0.48874598070739556,0.411764705882353,0.39999999999999997,0.0,1,0
0.6666666666666667,1.0,0.9380645161290324,0.4869055823569952,0.6960243931042571,0.1889483065953654,0.5755627009646302,0.2823529411764706,0.5555555555555556,0.0,1,0
1.0,0.0,0.9316129032258067,0.4321157822191592,0.7958250263867714,0.12477718360071302,0.49839228295819943,0.2823529411764706,0.2,0.0,1,0
0.6666666666666667,1.0,0.9225806451612903,0.3301171605789111,0.7227629881552716,0.15864527629233513,0.38585209003215437,0.4470588235294118,0.15555555555555553,0.0,1,0
0.6666666666666667,1.0,0.9225806451612903,0.3301171605789111,0.7227629881552716,0.15864527629233513,0.581993569131833,0.2823529411764706,0.5000000000000001,0.0,1,0
0.3333333333333333,0.0,0.8103225806451613,0.027567195037904894,0.05547085727688519,0.04812834224598931,0.11575562700964631,0.4588235294117647,0.6,0.0,1,0
0.6666666666666667,1.0,0.9225806451612903,0.33942108890420397,0.7309722059340918,0.11229946524064172,0.5466237942122187,0.34117647058823525,0.25555555555555554,0.0,1,0
1.0,0.0,0.9212903225806452,0.28187456926257753,0.8535240999179079,0.11051693404634581,0.5176848874598072,0.35294117647058826,0.2,0.0,1,0
0.6666666666666667,0.0,0.9045161290322581,0.5037904893177119,0.7113873578046207,0.16042780748663102,0.392282958199357,0.6000000000000001,0.5555555555555556,0.0,1,0
1.0,1.0,0.9509677419354841,0.4238456237077877,0.7890231030843204,0.15151515151515152,0.6977491961414792,0.2,0.7000000000000001,0.0,1,0
1.0,0.0,0.8541935483870968,0.10923501033769814,0.7696728040342442,0.05347593582887701,0.5434083601286175,0.2,0.39999999999999997,0.0,1,0
0.0,1.0,0.8787096774193548,0.049965541006202624,0.0473789140377624,0.06951871657754011,0.32797427652733124,0.4470588235294118,0.2,0.0,1,0
1.0,0.0,0.9419354838709679,0.1633356305995865,0.8070833821977249,0.19786096256684493,0.4694533762057879,0.35294117647058826,0.45555555555555555,0.0,1,0
0.6666666666666667,1.0,0.9703225806451614,0.4638180565127498,0.6787850357687347,0.26916221033868093,0.5980707395498392,0.22352941176470592,0.5000000000000001,0.0,1,0
1.0,0.0,0.9329032258064516,0.44245348035837356,0.8029787733083148,0.12477718360071302,0.4951768488745982,0.36470588235294116,0.3,0.0,1,0
0.3333333333333333,1.0,0.9109677419354838,0.1729841488628532,0.1105898909346781,0.1711229946524064,0.2990353697749197,0.2823529411764706,0.6,0.0,1,0
1.0,0.0,0.9316129032258067,0.4321157822191592,0.7958250263867714,0.12477718360071302,0.604501607717042,0.31764705882352945,0.2,0.0,1,0
0.3333333333333333,1.0,0.9303225806451614,0.14059269469331495,0.09557874985340684,0.14081996434937613,0.35691318327974286,0.31764705882352945,0.055555555555555546,0.0,1,0
0.3333333333333333,1.0,0.9290322580645163,0.147829083390765,0.09909698604432979,0.09803921568627451,0.2990353697749197,0.5294117647058822,0.39999999999999997,0.0,1,0
0.3333333333333333,1.0,0.935483870967742,0.16264645072363887,0.1054298111879911,0.22281639928698754,0.3054662379421222,0.21176470588235297,0.39999999999999997,0.0,1,0
0.6666666666666667,0.0,0.9870967741935486,0.45003445899379735,0.6695203471326375,0.18538324420677363,0.707395498392283,0.15294117647058825,0.25555555555555554,0.0,1,0
0.6666666666666667,0.0,0.9819354838709677,0.3694004135079256,0.7496188577459835,0.30303030303030304,0.7202572347266882,0.08235294117647057,0.45555555555555555,0.0,1,0
1.0,0.0,0.9574193548387098,0.4555478980013784,0.811187991087135,0.1639928698752228,0.7106109324758845,0.11764705882352944,0.39999999999999997,0.0,1,0
0.6666666666666667,0.0,0.9819354838709677,0.3694004135079256,0.7496188577459835,0.30303030303030304,0.7202572347266882,0.08235294117647057,0.45555555555555555,0.0,1,0
0.6666666666666667,1.0,0.9703225806451614,0.4638180565127498,0.6787850357687347,0.26916221033868093,0.684887459807074,0.24705882352941178,0.5555555555555556,0.0,1,0
0.3333333333333333,0.0,0.8103225806451613,0.027567195037904894,0.05547085727688519,0.04812834224598931,0.11575562700964631,0.4588235294117647,0.6,0.0,1,0
1.0,0.0,0.9574193548387098,0.4682977257064094,0.8191626597865603,0.1639928698752228,0.6205787781350482,0.0,0.055555555555555546,0.0,1,0
1.0,0.0,0.9329032258064516,0.44245348035837356,0.8029787733083148,0.12477718360071302,0.37620578778135055,0.5176470588235293,0.6555555555555556,0.0,1,0
1.0,0.0,0.5780645161290323,0.24017918676774638,0.7709628239709159,0.014260249554367202,0.6559485530546625,0.27058823529411763,0.3555555555555555,0.0,1,0
1.0,0.0,0.9329032258064516,0.44245348035837356,0.8029787733083148,0.12477718360071302,0.6237942122186497,0.21176470588235297,0.2,0.0,1,0
0.3333333333333333,1.0,0.9212903225806452,0.12577532736044109,0.08889410109065322,0.12834224598930483,0.32797427652733124,0.4588235294117647,0.3555555555555555,0.0,1,0
0.0,1.0,0.8412903225806454,0.026188835286009647,0.02838043860677847,0.03743315508021391,0.21221864951768493,0.6235294117647059,0.2,0.0,1,0
1.0,0.0,0.9380645161290324,0.1268090971743625,0.7809311598451976,0.09269162210338681,0.5787781350482315,0.25882352941176473,0.25555555555555554,0.0,1,0
0.3333333333333333,1.0,0.927741935483871,0.16884906960716747,0.10847894922012433,0.13903743315508021,0.414790996784566,0.5764705882352941,0.39999999999999997,0.0,1,0
1.0,0.0,0.9574193548387098,0.4682977257064094,0.8191626597865603,0.1639928698752228,0.639871382636656,0.22352941176470592,0.15555555555555553,0.0,1,0
0.6666666666666667,1.0,0.9651612903225808,0.47656788421778085,0.6875806262460421,0.36185383244206776,0.6655948553054662,0.18823529411764706,0.7555555555555555,0.0,1,0
1.0,0.0,0.9329032258064516,0.44245348035837356,0.8029787733083148,0.12477718360071302,0.594855305466238,0.25882352941176473,0.2,0.0,1,0
1.0,1.0,0.9509677419354841,0.40248104755341146,0.7741292365427466,0.21746880570409982,0.559485530546624,0.21176470588235297,0.6555555555555556,0.0,1,0
1.0,0.0,0.967741935483871,0.2749827705031013,0.7943004573707049,0.3190730837789661,0.6752411575562702,0.1294117647058824,0.5000000000000001,0.0,1,0
1.0,1.0,0.927741935483871,0.14679531357684358,0.7962941245455611,0.11942959001782533,0.5209003215434085,0.11764705882352944,0.3,0.0,1,0
0.6666666666666667,1.0,0.9651612903225808,0.47656788421778085,0.6875806262460421,0.36185383244206776,0.09324758842443731,0.9529411764705882,0.6,0.0,1,0
1.0,1.0,0.975483870967742,0.2894555478980014,0.8026269496892224,0.28342245989304815,0.5755627009646302,0.37647058823529417,0.5000000000000001,0.0,1,0
0.3333333333333333,0.0,0.889032258064516,0.17608545830461753,0.112466283569837,0.08912655971479501,0.28295819935691324,0.36470588235294116,0.6,0.0,1,0
0.3333333333333333,1.0,0.9419354838709679,0.11957270847691247,0.0854931394394277,0.13903743315508021,0.47588424437299043,0.1411764705882353,0.5000000000000001,0.0,1,0
0.3333333333333333,1.0,0.9419354838709679,0.11957270847691247,0.0854931394394277,0.13903743315508021,0.47588424437299043,0.1411764705882353,0.5000000000000001,0.0,1,0
1.0,1.0,0.9509677419354841,0.4238456237077877,0.7890231030843204,0.15151515151515152,0.47266881028938906,0.5294117647058822,0.09999999999999998,0.0,1,0
1.0,0.0,0.9019354838709677,0.3125430737422467,0.8232672686759704,0.1265597147950089,0.32797427652733124,0.6823529411764706,0.6555555555555556,0.0,1,0
1.0,0.0,0.9574193548387098,0.4555478980013784,0.811187991087135,0.1639928698752228,0.5530546623794212,0.047058823529411764,0.09999999999999998,0.0,1,0
0.3333333333333333,0.0,0.9212903225806452,0.1330117160578911,0.09229506274187874,0.11051693404634581,0.41800643086816724,0.1411764705882353,0.3,0.0,1,0
0.6666666666666667,1.0,0.9225806451612903,0.33942108890420397,0.7309722059340918,0.11229946524064172,0.45016077170418006,0.5176470588235293,0.3,0.0,1,0
1.0,1.0,0.9625806451612904,0.4827705031013094,0.8279582502638677,0.24777183600713015,0.527331189710611,0.39999999999999997,0.3555555555555555,0.0,1,0
0.3333333333333333,0.0,0.889032258064516,0.17608545830461753,0.112466283569837,0.08912655971479501,0.28295819935691324,0.36470588235294116,0.6,0.0,1,0
0.6666666666666667,1.0,0.8980645161290324,0.5141281874569262,0.35416910988624367,0.12121212121212122,0.3601286173633441,0.7529411764705882,0.3555555555555555,0.0,1,0
1.0,0.0,0.9212903225806452,0.28187456926257753,0.8535240999179079,0.11051693404634581,0.42443729903536986,0.4941176470588235,0.45555555555555555,0.0,1,0
1.0,1.0,0.9651612903225808,0.5106822880771882,0.8451976075993902,0.1443850267379679,0.6655948553054662,0.2823529411764706,0.5000000000000001,0.0,1,0
1.0,0.0,0.9419354838709679,0.1633356305995865,0.8070833821977249,0.19786096256684493,0.4469453376205789,0.34117647058823525,0.39999999999999997,0.0,1,0
0.6666666666666667,1.0,0.9483870967741936,0.2780840799448656,0.5545912982291545,0.21212121212121213,0.5755627009646302,0.22352941176470592,0.45555555555555555,0.0,1,0
1.0,1.0,0.9651612903225808,0.5106822880771882,0.8451976075993902,0.1443850267379679,0.8392282958199357,0.1294117647058824,0.3,0.0,1,0
0.6666666666666667,1.0,0.9483870967741936,0.2780840799448656,0.5545912982291545,0.21212121212121213,0.4565916398713827,0.32941176470588235,0.39999999999999997,0.0,1,0
1.0,0.0,0.9574193548387098,0.4555478980013784,0.811187991087135,0.1639928698752228,0.7781350482315113,0.07058823529411767,0.45555555555555555,0.0,1,0
1.0,1.0,0.9651612903225808,0.5106822880771882,0.8451976075993902,0.1443850267379679,0.8231511254019295,0.1411764705882353,0.3,0.0,1,0
1.0,0.0,0.9329032258064516,0.44245348035837356,0.8029787733083148,0.12477718360071302,0.5305466237942122,0.32941176470588235,0.25555555555555554,0.0,1,0
1.0,0.0,0.8477419354838711,0.24913852515506552,0.7787029435909464,0.05704099821746881,0.7106109324758845,0.24705882352941178,0.3,0.0,1,0
1.0,1.0,0.9522580645161292,0.4135079255685734,0.7816348070833822,0.1532976827094474,0.49839228295819943,0.11764705882352944,0.3,0.0,1,0
0.6666666666666667,1.0,0.9380645161290324,0.4869055823569952,0.6960243931042571,0.1889483065953654,0.559485530546624,0.3058823529411765,0.6,0.0,1,1
1.0,1.0,0.9522580645161292,0.4135079255685734,0.7816348070833822,0.1532976827094474,0.5144694533762058,0.36470588235294116,0.15555555555555553,0.0,1,1
1.0,0.0,0.9329032258064516,0.44245348035837356,0.8029787733083148,0.12477718360071302,0.5337620578778135,0.29411764705882354,0.2,0.0,1,1
1.0,1.0,0.9522580645161292,0.4135079255685734,0.7816348070833822,0.1532976827094474,0.7363344051446947,0.1411764705882353,0.39999999999999997,0.0,1,1
0.3333333333333333,1.0,0.8154838709677421,0.006547208821502412,0.0,0.06238859180035651,0.3601286173633441,0.7058823529411764,0.15555555555555553,0.0,0,0
0.3333333333333333,0.0,0.8941935483870969,0.055478980013783596,0.04174973613228568,0.0677361853832442,0.41800643086816724,0.4235294117647059,0.25555555555555554,0.0,0,0
0.3333333333333333,1.0,0.8296774193548389,0.07649896623018608,0.09077049372581213,0.0409982174688057,0.46623794212218655,0.05882352941176472,0.3,0.0,0,0
0.6666666666666667,1.0,0.9741935483870969,0.41764300482425915,0.6825378210390525,0.22994652406417113,0.42443729903536986,0.6000000000000001,0.39999999999999997,0.0,1,0
0.6666666666666667,1.0,0.943225806451613,0.5995864920744314,0.8124780110238068,0.24598930481283424,0.6334405144694535,0.6823529411764706,0.7999999999999999,0.15625,0,0
0.6666666666666667,1.0,0.943225806451613,0.5995864920744314,0.8124780110238068,0.24598930481283424,0.6495176848874598,0.4588235294117647,0.7999999999999999,0.0,1,0
0.6666666666666667,1.0,0.943225806451613,0.5995864920744314,0.8124780110238068,0.24598930481283424,0.7909967845659165,0.27058823529411763,0.6555555555555556,0.0,0,0
0.6666666666666667,1.0,0.943225806451613,0.5995864920744314,0.8124780110238068,0.24598930481283424,0.7556270096463023,0.2823529411764706,0.5555555555555556,0.0,0,0
0.6666666666666667,0.0,0.9483870967741936,0.3118538938662991,0.5813298932801689,0.1711229946524064,0.594855305466238,0.6470588235294117,0.2,0.0,0,0
0.6666666666666667,0.0,0.96,0.538249483115093,0.77260466752668,0.24064171122994654,0.852090032154341,0.15294117647058825,0.25555555555555554,0.0,0,0
0.6666666666666667,0.0,0.96,0.538249483115093,0.77260466752668,0.24064171122994654,0.627009646302251,0.29411764705882354,0.0,0.0,1,0
0.6666666666666667,0.0,0.96,0.538249483115093,0.77260466752668,0.24064171122994654,0.7909967845659165,0.11764705882352944,0.3,0.0,0,0
0.6666666666666667,0.0,0.96,0.538249483115093,0.77260466752668,0.24064171122994654,0.7009646302250805,0.24705882352941178,0.3,0.0,0,0
0.6666666666666667,0.0,0.96,0.538249483115093,0.77260466752668,0.24064171122994654,0.639871382636656,0.25882352941176473,0.3555555555555555,0.0,0,0
0.6666666666666667,0.0,0.9445161290322581,0.37250172294968986,0.6539228333528792,0.14260249554367202,0.617363344051447,0.27058823529411763,0.25555555555555554,0.0,0,0
0.6666666666666667,0.0,0.9406451612903226,0.4720882150241213,0.7198311246628358,0.11229946524064172,0.5369774919614148,0.3058823529411765,0.3,0.0,1,0
0.6666666666666667,0.0,0.8877419354838711,0.26154376292212267,0.8055588131816582,0.08912655971479501,0.6463022508038587,0.36470588235294116,0.39999999999999997,0.0,0,0
0.6666666666666667,1.0,0.9741935483870969,0.4000689179875948,0.6722176615456785,0.19607843137254902,0.6977491961414792,0.3058823529411765,0.2,0.0,1,0
0.6666666666666667,1.0,0.9741935483870969,0.4000689179875948,0.6722176615456785,0.19607843137254902,0.617363344051447,0.34117647058823525,0.25555555555555554,0.0,0,0
0.6666666666666667,1.0,0.943225806451613,0.5851137146795313,0.8026269496892224,0.24420677361853832,0.5916398713826367,0.5176470588235293,0.055555555555555546,0.0,0,0
0.6666666666666667,1.0,0.943225806451613,0.5851137146795313,0.8026269496892224,0.24420677361853832,0.6913183279742765,0.29411764705882354,0.15555555555555553,0.0,0,0
0.6666666666666667,0.0,0.9664516129032259,0.3335630599586492,0.6263633165239827,0.25668449197860965,0.8392282958199357,0.2,0.39999999999999997,0.0,1,0
0.6666666666666667,1.0,0.9406451612903226,0.38352860096485186,0.6627184238301865,0.15864527629233513,0.28938906752411575,0.8117647058823529,0.7999999999999999,0.0,1,0
0.6666666666666667,1.0,0.9406451612903226,0.38352860096485186,0.6627184238301865,0.15864527629233513,0.617363344051447,0.31764705882352945,0.3,0.0,1,0
0.6666666666666667,1.0,0.9341935483870967,0.4824259131633356,0.7285094406004458,0.1265597147950089,0.54983922829582,0.2823529411764706,0.3555555555555555,0.0,0,0
0.6666666666666667,1.0,0.975483870967742,0.5737422467263955,0.7933622610531254,0.23172905525846704,0.6302250803858522,0.4470588235294118,0.3,0.0,1,0
0.6666666666666667,0.0,0.967741935483871,0.34838042729152313,0.6360971033188695,0.26024955436720143,0.639871382636656,0.4588235294117647,0.7999999999999999,0.0,0,0
0.6666666666666667,0.0,0.975483870967742,0.45003445899379735,0.7027090418670108,0.40463458110516937,0.5530546623794212,0.4705882352941177,0.39999999999999997,0.0,0,0
0.6666666666666667,0.0,0.9470967741935483,0.5220537560303239,0.7626363316523984,0.25490196078431376,0.6913183279742765,0.10588235294117648,0.3,0.0,0,0
0.6666666666666667,0.0,0.9470967741935483,0.5220537560303239,0.7626363316523984,0.25490196078431376,0.604501607717042,0.2,0.3,0.0,0,0
0.6666666666666667,0.0,0.9470967741935483,0.5220537560303239,0.7626363316523984,0.25490196078431376,0.5434083601286175,0.4470588235294118,0.25555555555555554,0.0,1,0
0.6666666666666667,0.0,0.9470967741935483,0.5220537560303239,0.7626363316523984,0.25490196078431376,0.6302250803858522,0.4823529411764706,0.3,0.0,0,0
0.6666666666666667,0.0,0.9470967741935483,0.5220537560303239,0.7626363316523984,0.25490196078431376,0.5755627009646302,0.5058823529411764,0.45555555555555555,0.0,1,0
0.6666666666666667,0.0,0.9470967741935483,0.5220537560303239,0.7626363316523984,0.25490196078431376,0.5787781350482315,0.37647058823529417,0.39999999999999997,0.0,1,0
0.0,1.0,0.8477419354838711,0.08993797381116471,0.40530080919432393,0.12121212121212122,0.08360128617363344,0.4941176470588235,0.9,0.0,1,0
0.0,0.0,0.8425806451612905,0.09200551343900759,0.4065908291309957,0.0944741532976827,0.09324758842443731,0.5411764705882354,0.8444444444444444,0.0,1,0
0.0,0.0,0.8503225806451613,0.08718125430737422,0.40354169109886245,0.035650623885918005,0.09324758842443731,0.5411764705882354,0.5000000000000001,0.0,1,0
0.0,0.0,0.8606451612903228,0.08373535492763612,0.4008443766858215,0.04634581105169341,0.07717041800643087,0.07058823529411767,0.9,0.0,1,0
0.0,0.0,0.8606451612903228,0.08373535492763612,0.4008443766858215,0.04634581105169341,0.07717041800643087,0.07058823529411767,0.9,0.0,1,0
0.0,0.0,0.8606451612903228,0.08373535492763612,0.4008443766858215,0.04634581105169341,0.07717041800643087,0.07058823529411767,0.9,0.0,1,0
0.0,0.0,0.8606451612903228,0.08373535492763612,0.4008443766858215,0.04634581105169341,0.07717041800643087,0.07058823529411767,0.9,0.0,1,0
0.0,1.0,0.8516129032258066,0.08821502412129566,0.40424533833704707,0.0730837789661319,0.0,0.5176470588235293,0.5000000000000001,0.0,1,0
0.0,0.0,0.8606451612903228,0.08373535492763612,0.4008443766858215,0.04634581105169341,0.09324758842443731,0.10588235294117648,0.9,0.0,1,0
0.0,1.0,0.8541935483870968,0.09097174362508616,0.40530080919432393,0.06060606060606061,0.06430868167202575,0.4235294117647059,0.39999999999999997,0.0,0,0
0.0,0.0,0.8800000000000001,0.018952446588559612,0.012665650287322623,0.05704099821746881,0.21221864951768493,0.23529411764705882,0.3,0.0,0,0
0.0,1.0,0.8580645161290323,0.013094417643004824,0.009264688636097104,0.11229946524064172,0.17041800643086819,0.36470588235294116,0.8444444444444444,0.0,1,0
0.6666666666666667,1.0,0.9703225806451614,0.5809786354238455,0.47367186583792664,0.21925133689839574,0.6816720257234727,0.29411764705882354,0.6555555555555556,0.0,0,0
0.6666666666666667,0.0,0.935483870967742,0.6271536871123362,0.5040459716195614,0.22281639928698754,0.3344051446945338,0.8823529411764706,0.7999999999999999,0.03125,0,0
0.6666666666666667,1.0,0.9406451612903226,0.35527222605099934,0.547672100387006,0.16042780748663102,0.639871382636656,0.39999999999999997,0.25555555555555554,0.0,0,0
0.6666666666666667,1.0,0.9406451612903226,0.35527222605099934,0.547672100387006,0.16042780748663102,0.707395498392283,0.2,0.15555555555555553,0.0,0,0
0.6666666666666667,1.0,0.9406451612903226,0.35527222605099934,0.547672100387006,0.16042780748663102,0.7106109324758845,0.1764705882352941,0.15555555555555553,0.0,0,0
0.6666666666666667,1.0,0.9406451612903226,0.35527222605099934,0.547672100387006,0.16042780748663102,0.5305466237942122,0.4470588235294118,0.15555555555555553,0.0,0,0
0.6666666666666667,1.0,0.9406451612903226,0.35527222605099934,0.547672100387006,0.16042780748663102,0.7427652733118972,0.2823529411764706,0.055555555555555546,0.0,1,0
0.6666666666666667,1.0,0.9406451612903226,0.34148862853204687,0.5375864899730269,0.11229946524064172,0.6655948553054662,0.29411764705882354,0.09999999999999998,0.0,1,0
0.6666666666666667,0.0,0.96,0.6178497587870434,0.49595402838043867,0.19607843137254902,0.7942122186495177,0.15294117647058825,0.5555555555555556,0.0,1,0
0.6666666666666667,0.0,0.9496774193548387,0.3022053756030324,0.5077987568898792,0.15151515151515152,0.4790996784565918,0.611764705882353,0.3555555555555555,0.0,1,0
0.6666666666666667,1.0,0.96,0.6178497587870434,0.49595402838043867,0.19607843137254902,0.6430868167202572,0.38823529411764707,0.09999999999999998,0.0,0,0
0.6666666666666667,1.0,0.9251612903225808,0.30461750516884906,0.3317696728040343,0.11408199643493762,0.3890675241157557,0.36470588235294116,0.15555555555555553,0.0,0,0
0.6666666666666667,1.0,0.9251612903225808,0.30461750516884906,0.3317696728040343,0.11408199643493762,0.42443729903536986,0.35294117647058826,0.2,0.0,0,0
0.6666666666666667,0.0,0.935483870967742,0.505513439007581,0.43309487510261524,0.22638146167557932,0.559485530546624,0.32941176470588235,0.5000000000000001,0.0,0,0
0.6666666666666667,1.0,0.4477419354838709,0.24086836664369402,0.2649231851764982,0.007130124777183601,0.27009646302250806,0.8823529411764706,0.25555555555555554,0.0,0,0
0.6666666666666667,0.0,0.9251612903225808,0.3177119228118539,0.3403307142019468,0.13368983957219252,0.594855305466238,0.11764705882352944,0.5000000000000001,0.0,0,0
0.6666666666666667,0.0,0.9251612903225808,0.3177119228118539,0.3403307142019468,0.13368983957219252,0.5434083601286175,0.2823529411764706,0.5555555555555556,0.0,1,0
0.6666666666666667,1.0,0.9341935483870967,0.32046864231564437,0.2629295180016419,0.1265597147950089,0.5466237942122187,0.27058823529411763,0.45555555555555555,0.0,0,0
0.6666666666666667,1.0,0.9341935483870967,0.32046864231564437,0.2629295180016419,0.1265597147950089,0.5466237942122187,0.27058823529411763,0.45555555555555555,0.0,0,0
0.3333333333333333,1.0,0.856774193548387,0.09269469331495521,0.12419373753958017,0.06238859180035651,0.2926045016077171,0.9294117647058824,0.5000000000000001,0.0,0,0
1.0,1.0,0.9148387096774193,0.28600964851826327,0.8284273484226574,0.10160427807486631,0.5401929260450162,0.4352941176470589,0.2,0.0,0,0
1.0,1.0,0.9148387096774193,0.28600964851826327,0.8284273484226574,0.10160427807486631,0.4790996784565918,0.4470588235294118,0.5555555555555556,0.0,0,0
1.0,1.0,0.9148387096774193,0.28600964851826327,0.8284273484226574,0.10160427807486631,0.694533762057878,0.23529411764705882,0.3555555555555555,0.0,1,0
1.0,1.0,0.9509677419354841,0.3607856650585803,0.8797935968101326,0.17647058823529413,0.44372990353697755,0.35294117647058826,0.15555555555555553,0.0,0,0
1.0,1.0,0.9509677419354841,0.3607856650585803,0.8797935968101326,0.17647058823529413,0.729903536977492,0.1411764705882353,0.2,0.0,0,0
1.0,1.0,0.9509677419354841,0.3607856650585803,0.8797935968101326,0.17647058823529413,0.7427652733118972,0.1411764705882353,0.25555555555555554,0.0,0,0
1.0,1.0,0.9509677419354841,0.3607856650585803,0.8797935968101326,0.17647058823529413,0.7266881028938907,0.15294117647058825,0.15555555555555553,0.0,1,0
1.0,1.0,0.4090322580645161,0.15541006202618884,0.8193972088659552,0.007130124777183601,0.3215434083601286,0.7411764705882353,0.6555555555555556,0.0,0,0
1.0,0.0,0.9535483870967743,0.3938662991040662,0.9020757593526446,0.15686274509803924,0.7106109324758845,0.1411764705882353,0.5000000000000001,0.0,0,0
1.0,0.0,0.9535483870967743,0.3938662991040662,0.9020757593526446,0.15686274509803924,0.5627009646302252,0.3058823529411765,0.15555555555555553,0.0,0,0
1.0,0.0,0.935483870967742,0.46037215713301166,0.949454673390407,0.12834224598930483,0.5241157556270097,0.1764705882352941,0.25555555555555554,0.0,0,0
1.0,0.0,0.9509677419354841,0.32770503101309445,0.8578632578867128,0.1532976827094474,0.527331189710611,0.10588235294117648,0.6,0.0,0,0
1.0,0.0,0.9509677419354841,0.32770503101309445,0.8578632578867128,0.1532976827094474,0.5466237942122187,0.10588235294117648,0.5000000000000001,0.0,1,0
1.0,0.0,0.9561290322580644,0.4062715368711234,0.9095813298932802,0.13368983957219252,0.6237942122186497,0.1411764705882353,0.2,0.0,0,0
1.0,0.0,0.9561290322580644,0.4062715368711234,0.9095813298932802,0.13368983957219252,0.6237942122186497,0.15294117647058825,0.6555555555555556,0.0,1,0
1.0,0.0,0.9561290322580644,0.4062715368711234,0.9095813298932802,0.13368983957219252,0.5369774919614148,0.22352941176470592,0.7555555555555555,0.0,1,0
1.0,0.0,0.9561290322580644,0.4062715368711234,0.9095813298932802,0.13368983957219252,0.4694533762057879,0.15294117647058825,0.39999999999999997,0.0,1,0
1.0,0.0,0.9561290322580644,0.4062715368711234,0.9095813298932802,0.13368983957219252,0.4694533762057879,0.15294117647058825,0.39999999999999997,0.0,0,0
1.0,0.0,0.9290322580645163,0.4679531357684356,0.9556702239943708,0.12121212121212122,0.3440514469453377,0.2823529411764706,0.25555555555555554,0.0,1,0
1.0,0.0,0.895483870967742,0.17987594762232942,0.8432039404245338,0.09625668449197862,0.36977491961414793,0.4823529411764706,0.15555555555555553,0.0,1,0
1.0,1.0,0.9483870967741936,0.3487250172294969,0.8720534771901021,0.14973262032085563,0.707395498392283,0.1411764705882353,0.3,0.0,0,0
1.0,1.0,0.9483870967741936,0.3487250172294969,0.8720534771901021,0.14973262032085563,0.7041800643086817,0.1411764705882353,0.3,0.0,0,0
1.0,1.0,0.9483870967741936,0.3487250172294969,0.8720534771901021,0.14973262032085563,0.6109324758842445,0.2,0.2,0.0,0,0
1.0,1.0,0.9483870967741936,0.3487250172294969,0.8720534771901021,0.14973262032085563,0.5627009646302252,0.23529411764705882,0.15555555555555553,0.0,0,0
1.0,1.0,0.9483870967741936,0.3487250172294969,0.8720534771901021,0.14973262032085563,0.684887459807074,0.1411764705882353,0.39999999999999997,0.0,1,0
1.0,1.0,0.9483870967741936,0.3487250172294969,0.8720534771901021,0.14973262032085563,0.707395498392283,0.1411764705882353,0.3,0.0,1,0
1.0,1.0,0.935483870967742,0.42487939352170917,0.9234197255775771,0.15151515151515152,0.6205787781350482,0.15294117647058825,0.45555555555555555,0.0,1,0
1.0,1.0,0.935483870967742,0.42487939352170917,0.9234197255775771,0.15151515151515152,0.4790996784565918,0.3058823529411765,0.2,0.0,1,0
1.0,0.0,0.9470967741935483,0.2984148862853205,0.8364020171220828,0.16934046345811052,0.5112540192926047,0.4588235294117647,0.3,0.0,1,0
1.0,0.0,0.9406451612903226,0.3697450034458994,0.886712794652281,0.11051693404634581,0.5080385852090032,0.4235294117647059,0.5555555555555556,0.0,0,0
1.0,0.0,0.9406451612903226,0.3697450034458994,0.886712794652281,0.11051693404634581,0.2443729903536978,0.8352941176470587,0.15555555555555553,0.0,0,0
1.0,0.0,0.9406451612903226,0.3697450034458994,0.886712794652281,0.11051693404634581,0.54983922829582,0.34117647058823525,0.2,0.0,0,0
1.0,0.0,0.9406451612903226,0.3697450034458994,0.886712794652281,0.11051693404634581,0.6688102893890677,0.22352941176470592,0.2,0.0,1,0
1.0,0.0,0.9406451612903226,0.3697450034458994,0.886712794652281,0.11051693404634581,0.6591639871382637,0.23529411764705882,0.2,0.0,1,0
1.0,0.0,0.9406451612903226,0.3697450034458994,0.886712794652281,0.11051693404634581,0.5852090032154342,0.3058823529411765,0.15555555555555553,0.0,0,0
1.0,0.0,0.9406451612903226,0.3697450034458994,0.886712794652281,0.11051693404634581,0.54983922829582,0.34117647058823525,0.2,0.0,1,0
1.0,0.0,0.9445161290322581,0.38111647139903515,0.8941010906532192,0.11586452762923352,0.4340836012861737,0.4235294117647059,0.2,0.0,0,0
1.0,0.0,0.9393548387096775,0.4445210199862164,0.9372581212618741,0.13368983957219252,0.5916398713826367,0.25882352941176473,0.15555555555555553,0.0,0,0
1.0,0.0,0.9393548387096775,0.4445210199862164,0.9372581212618741,0.13368983957219252,0.4405144694533763,0.4235294117647059,0.45555555555555555,0.0,1,0
1.0,0.0,0.9393548387096775,0.4445210199862164,0.9372581212618741,0.13368983957219252,0.3215434083601286,0.6000000000000001,0.5000000000000001,0.0,1,0
1.0,0.0,0.9393548387096775,0.4445210199862164,0.9372581212618741,0.13368983957219252,0.4694533762057879,0.32941176470588235,0.3,0.0,1,0
1.0,0.0,0.9393548387096775,0.4445210199862164,0.9372581212618741,0.13368983957219252,0.6141479099678457,0.23529411764705882,0.2,0.0,1,0
1.0,1.0,0.9470967741935483,0.33735354927636113,0.8647824557288613,0.1711229946524064,0.2540192926045016,0.7058823529411764,0.3555555555555555,0.0,0,0
1.0,1.0,0.9470967741935483,0.33735354927636113,0.8647824557288613,0.1711229946524064,0.48874598070739556,0.4941176470588235,0.45555555555555555,0.0,0,0
1.0,1.0,0.9470967741935483,0.33735354927636113,0.8647824557288613,0.1711229946524064,0.3408360128617364,0.5764705882352941,0.3555555555555555,0.0,0,0
1.0,1.0,0.9470967741935483,0.33735354927636113,0.8647824557288613,0.1711229946524064,0.2540192926045016,0.7058823529411764,0.3555555555555555,0.0,1,0
1.0,1.0,0.9470967741935483,0.33735354927636113,0.8647824557288613,0.1711229946524064,0.42443729903536986,0.4470588235294118,0.6555555555555556,0.0,1,0
1.0,1.0,0.9470967741935483,0.33735354927636113,0.8647824557288613,0.1711229946524064,0.5916398713826367,0.32941176470588235,0.3555555555555555,0.0,0,0
1.0,1.0,0.9470967741935483,0.33735354927636113,0.8647824557288613,0.1711229946524064,0.5659163987138265,0.37647058823529417,0.25555555555555554,0.0,0,0
1.0,1.0,0.9470967741935483,0.33735354927636113,0.8647824557288613,0.1711229946524064,0.5305466237942122,0.411764705882353,0.2,0.0,1,0
1.0,1.0,0.9470967741935483,0.33735354927636113,0.8647824557288613,0.1711229946524064,0.5980707395498392,0.23529411764705882,0.5000000000000001,0.0,1,0
1.0,1.0,0.9470967741935483,0.33735354927636113,0.8647824557288613,0.1711229946524064,0.5980707395498392,0.23529411764705882,0.5000000000000001,0.0,0,0
1.0,1.0,0.9522580645161292,0.4166092350103377,0.916852351354521,0.18181818181818182,0.4405144694533763,0.4705882352941177,0.3555555555555555,0.0,0,0
1.0,1.0,0.9522580645161292,0.4166092350103377,0.916852351354521,0.18181818181818182,0.5627009646302252,0.2823529411764706,0.25555555555555554,0.0,0,0
1.0,1.0,0.9522580645161292,0.4166092350103377,0.916852351354521,0.18181818181818182,0.6077170418006432,0.2823529411764706,0.2,0.0,1,0
1.0,1.0,0.9522580645161292,0.4166092350103377,0.916852351354521,0.18181818181818182,0.5209003215434085,0.31764705882352945,0.2,0.0,0,0
1.0,1.0,0.9522580645161292,0.4166092350103377,0.916852351354521,0.18181818181818182,0.4855305466237943,0.35294117647058826,0.39999999999999997,0.0,1,0
1.0,1.0,0.8967741935483873,0.18642315644383187,0.8495367655681951,0.20677361853832443,0.41800643086816724,0.5764705882352941,0.3,0.0,0,0
1.0,0.0,0.9445161290322581,0.38111647139903515,0.8941010906532192,0.11586452762923352,0.4405144694533763,0.4470588235294118,0.2,0.0,1,0
1.0,0.0,0.9445161290322581,0.38111647139903515,0.8941010906532192,0.11586452762923352,0.6077170418006432,0.23529411764705882,0.25555555555555554,0.0,1,0
1.0,0.0,0.9445161290322581,0.38111647139903515,0.8941010906532192,0.11586452762923352,0.559485530546624,0.35294117647058826,0.3,0.0,1,0
1.0,0.0,0.9341935483870967,0.4521019986216403,0.9431218482467457,0.22281639928698754,0.4405144694533763,0.27058823529411763,0.5555555555555556,0.0,0,0
1.0,0.0,0.9341935483870967,0.4521019986216403,0.9431218482467457,0.22281639928698754,0.4565916398713827,0.1411764705882353,0.3555555555555555,0.0,0,0
1.0,1.0,0.935483870967742,0.321157822191592,0.8637269848715844,0.14973262032085563,0.4694533762057879,0.37647058823529417,0.5000000000000001,0.0,1,0
1.0,1.0,0.9329032258064516,0.9483115093039284,0.9583675384074118,0.1265597147950089,0.37299035369774924,0.7294117647058824,0.7999999999999999,0.0,0,0
1.0,1.0,0.9329032258064516,0.9483115093039284,0.9583675384074118,0.1265597147950089,0.37299035369774924,0.7294117647058824,0.7999999999999999,0.0,1,0
0.6666666666666667,0.0,0.9445161290322581,0.4565816678152998,0.6011492904890349,0.14260249554367202,0.38585209003215437,0.5058823529411764,0.39999999999999997,0.0,0,0
0.6666666666666667,1.0,0.9458064516129032,0.6964162646450723,0.7700246276533365,0.1443850267379679,0.2636655948553055,0.7058823529411764,0.055555555555555546,0.0,0,0
0.6666666666666667,0.0,0.9819354838709677,0.7625775327360441,0.8100152456901607,0.24777183600713015,0.581993569131833,0.31764705882352945,0.25555555555555554,0.0,0,0
1.0,1.0,0.9238709677419354,0.9955203308063404,0.993784449396036,0.13190730837789663,0.26045016077170424,0.7411764705882353,0.39999999999999997,0.0,1,0
1.0,1.0,0.935483870967742,0.321157822191592,0.8637269848715844,0.14973262032085563,0.42443729903536986,0.4941176470588235,0.5000000000000001,0.0,1,0
0.6666666666666667,0.0,0.9470967741935483,0.7095106822880771,0.7795238653688285,0.1461675579322638,0.6077170418006432,0.4588235294117647,0.2,0.0,0,0
0.6666666666666667,1.0,0.967741935483871,0.7925568573397657,0.8293655447402369,0.14973262032085563,0.6334405144694535,0.31764705882352945,0.2,0.0,1,1
0.3333333333333333,0.0,0.9316129032258067,0.061337008959338385,0.026621320511316993,0.14260249554367202,0.20900321543408362,0.4235294117647059,0.6,0.0,0,0
0.0,1.0,0.0,0.0,0.1917438724053008,0.0,0.09646302250803859,1.0,0.055555555555555546,0.0,0,0
0.6666666666666667,0.0,0.967741935483871,0.3452791178497588,0.5287908994957196,0.21212121212121213,0.54983922829582,0.2823529411764706,0.7555555555555555,0.0,1,0
0.6666666666666667,0.0,0.9290322580645163,0.6650585802894555,0.7448106016183886,0.12121212121212122,0.45016077170418006,0.5647058823529412,0.25555555555555554,0.0,1,0
0.6666666666666667,0.0,0.9870967741935486,0.7463818056512749,0.7999296352761815,0.32085561497326204,0.8360128617363345,0.1647058823529412,0.15555555555555553,0.0,1,0
0.6666666666666667,0.0,0.9406451612903226,0.8521709166092349,0.874750791603143,0.11229946524064172,0.5884244372990355,0.5058823529411764,0.25555555555555554,0.0,1,0
0.6666666666666667,1.0,0.9406451612903226,0.9396967608545831,0.9513310660255659,0.13725490196078433,0.6141479099678457,0.34117647058823525,0.45555555555555555,0.0,1,0
0.6666666666666667,1.0,0.9406451612903226,0.6209510682288077,0.7096282397091592,0.1354723707664884,0.6012861736334405,0.411764705882353,0.2,0.0,1,0
1.0,1.0,0.9264516129032259,0.3294279807029635,0.8708807317931277,0.20320855614973263,0.5916398713826367,0.4705882352941177,0.5555555555555556,0.0,1,0
0.3333333333333333,0.0,0.9316129032258067,0.061337008959338385,0.026621320511316993,0.14260249554367202,0.30225080385852093,0.38823529411764707,0.5555555555555556,0.0,0,0
0.6666666666666667,1.0,0.9819354838709677,0.7784286698828394,0.8195144834056527,0.21390374331550804,0.6784565916398715,0.22352941176470592,0.3,0.0,1,0
0.6666666666666667,1.0,0.9819354838709677,0.7784286698828394,0.8195144834056527,0.21390374331550804,0.6784565916398715,0.22352941176470592,0.3,0.0,0,0
0.0,0.0,0.8516129032258066,0.028945554789800137,0.059106368007505565,0.0730837789661319,0.17041800643086819,0.6588235294117648,0.6555555555555556,0.0,1,0
1.0,1.0,0.9341935483870967,0.3108201240523777,0.8563386888706462,0.12834224598930483,0.594855305466238,0.36470588235294116,0.25555555555555554,0.0,1,0
1.0,1.0,0.9329032258064516,0.9483115093039284,0.9583675384074118,0.1265597147950089,0.6334405144694535,0.32941176470588235,0.39999999999999997,0.0,1,0
0.3333333333333333,0.0,0.9638709677419357,0.047898001378359756,0.020757593526445413,0.20320855614973263,0.41800643086816724,0.047058823529411764,0.7999999999999999,0.0,0,0
0.0,0.0,0.8438709677419354,0.01206064782908339,0.045502521402603496,0.03921568627450981,0.09967845659163987,0.6235294117647059,0.15555555555555553,0.0,0,0
0.0,1.0,0.8554838709677419,0.02722260509993108,0.05746452445174153,0.06238859180035651,0.2540192926045016,0.5529411764705883,0.15555555555555553,0.0,1,0
1.0,1.0,0.9264516129032259,0.3294279807029635,0.8708807317931277,0.20320855614973263,0.5852090032154342,0.4705882352941177,0.5000000000000001,0.0,1,0
0.6666666666666667,1.0,0.9406451612903226,0.6209510682288077,0.7096282397091592,0.1354723707664884,0.7106109324758845,0.21176470588235297,0.3555555555555555,0.0,1,0
0.6666666666666667,1.0,0.967741935483871,0.7925568573397657,0.8293655447402369,0.14973262032085563,0.762057877813505,0.2,0.3,0.0,0,0
0.6666666666666667,0.0,0.9625806451612904,0.1667815299793246,0.33986161604315707,0.24955436720142604,0.829581993569132,0.22352941176470592,0.45555555555555555,0.0,0,0
0.6666666666666667,0.0,0.9625806451612904,0.1667815299793246,0.33986161604315707,0.24955436720142604,0.829581993569132,0.22352941176470592,0.45555555555555555,0.0,1,0
1.0,0.0,0.9341935483870967,0.30013783597518956,0.8488331183300106,0.14795008912655974,0.662379421221865,0.36470588235294116,0.39999999999999997,0.0,1,0
0.6666666666666667,1.0,0.9819354838709677,0.7784286698828394,0.8195144834056527,0.21390374331550804,0.7331189710610932,0.24705882352941178,0.39999999999999997,0.0,0,0
0.6666666666666667,0.0,0.9290322580645163,0.6650585802894555,0.7448106016183886,0.12121212121212122,0.6141479099678457,0.3058823529411765,0.3555555555555555,0.0,0,0
1.0,0.0,0.8929032258064518,0.2884217780840799,0.8410929987099801,0.06595365418894832,0.6302250803858522,0.22352941176470592,0.2,0.0,1,0
0.6666666666666667,0.0,0.9793548387096773,0.7270847691247415,0.7892576521637152,0.16934046345811052,0.8263665594855307,0.1411764705882353,0.2,0.0,0,0
1.0,1.0,0.8825806451612903,1.0000000000000002,1.0,0.07130124777183601,0.47588424437299043,0.611764705882353,0.5000000000000001,0.0,1,0
0.0,1.0,0.8516129032258066,0.02446588559614059,0.05523630819749032,0.05169340463458111,0.38585209003215437,0.36470588235294116,0.39999999999999997,0.0,0,0
1.0,1.0,0.9238709677419354,0.9955203308063404,0.993784449396036,0.13190730837789663,0.5691318327974277,0.34117647058823525,0.3,0.0,1,0
0.6666666666666667,0.0,0.9496774193548387,0.32770503101309445,0.5187052890817404,0.21568627450980393,0.6816720257234727,0.18823529411764706,0.5555555555555556,0.0,0,0
0.0,1.0,0.8438709677419354,0.021364576154376293,0.05265626832414683,0.04812834224598931,0.4019292604501608,0.31764705882352945,0.25555555555555554,0.0,0,0
0.0,1.0,0.8503225806451613,0.007236388697450035,0.04186701067198311,0.058823529411764705,0.19292604501607719,0.4470588235294118,1.0,0.0,1,0
0.6666666666666667,0.0,0.9496774193548387,0.31357684355616816,0.5092060513662484,0.17468805704099824,0.662379421221865,0.1411764705882353,0.45555555555555555,0.0,0,0
0.6666666666666667,1.0,0.967741935483871,0.7925568573397657,0.8293655447402369,0.14973262032085563,0.7781350482315113,0.21176470588235297,0.3555555555555555,0.0,0,0
0.6666666666666667,1.0,0.9664516129032259,0.8063404548587181,0.8387475079160315,0.1800356506238859,0.7041800643086817,0.411764705882353,0.39999999999999997,0.0,0,0
0.6666666666666667,0.0,0.9819354838709677,0.7625775327360441,0.8100152456901607,0.24777183600713015,0.8135048231511255,0.1411764705882353,0.5000000000000001,0.0,1,1
0.6666666666666667,0.0,0.9548387096774196,0.5616815988973122,0.6660021109417146,0.15864527629233513,0.77491961414791,0.2823529411764706,0.3,0.0,1,0
0.3333333333333333,0.0,0.9638709677419357,0.05582356995175741,0.023924006098276066,0.17647058823529413,0.37299035369774924,0.10588235294117648,0.6,0.0,0,0
0.6666666666666667,1.0,0.9458064516129032,0.6964162646450723,0.7700246276533365,0.1443850267379679,0.729903536977492,0.31764705882352945,0.5555555555555556,0.0,1,0
0.6666666666666667,1.0,0.9406451612903226,0.6209510682288077,0.7096282397091592,0.1354723707664884,0.7266881028938907,0.24705882352941178,0.39999999999999997,0.0,1,0
0.6666666666666667,0.0,0.9419354838709679,0.6557546519641626,0.736484109299871,0.13903743315508021,0.7717041800643087,0.24705882352941178,0.45555555555555555,0.0,1,1
0.6666666666666667,0.0,0.9870967741935486,0.7463818056512749,0.7999296352761815,0.32085561497326204,0.919614147909968,0.047058823529411764,0.45555555555555555,0.0,0,0
0.6666666666666667,1.0,0.9058064516129034,0.9028256374913853,0.9241233728157617,0.09269162210338681,0.8713826366559487,0.1411764705882353,0.3555555555555555,0.0,1,0
1.0,1.0,0.935483870967742,0.321157822191592,0.8637269848715844,0.14973262032085563,0.6463022508038587,0.38823529411764707,0.39999999999999997,0.0,0,0
0.6666666666666667,1.0,0.967741935483871,0.7925568573397657,0.8293655447402369,0.14973262032085563,0.7942122186495177,0.18823529411764706,0.3555555555555555,0.0,1,0
0.6666666666666667,0.0,0.9406451612903226,0.8521709166092349,0.874750791603143,0.11229946524064172,0.5852090032154342,0.4823529411764706,0.2,0.0,0,0
0.6666666666666667,0.0,0.9406451612903226,0.8521709166092349,0.874750791603143,0.11229946524064172,0.5852090032154342,0.4823529411764706,0.2,0.0,0,0
0.6666666666666667,0.0,0.9470967741935483,0.7095106822880771,0.7795238653688285,0.1461675579322638,0.8263665594855307,0.21176470588235297,0.2,0.0,1,0
0.6666666666666667,0.0,0.9819354838709677,0.7625775327360441,0.8100152456901607,0.24777183600713015,0.7717041800643087,0.22352941176470592,0.6,0.0,0,0
0.6666666666666667,1.0,0.9406451612903226,0.6209510682288077,0.7096282397091592,0.1354723707664884,0.7202572347266882,0.34117647058823525,0.39999999999999997,0.0,1,0
1.0,0.0,0.9161290322580646,0.9858718125430737,0.9867479770141903,0.12121212121212122,0.5530546623794212,0.35294117647058826,0.3555555555555555,0.0,0,0
0.6666666666666667,1.0,0.9470967741935483,0.6095796002756719,0.7005981001524569,0.1711229946524064,0.6784565916398715,0.29411764705882354,0.39999999999999997,0.0,1,0
0.6666666666666667,0.0,0.9819354838709677,0.7625775327360441,0.8100152456901607,0.24777183600713015,0.6977491961414792,0.27058823529411763,0.7000000000000001,0.0,0,0
0.6666666666666667,1.0,0.9664516129032259,0.8063404548587181,0.8387475079160315,0.1800356506238859,0.6012861736334405,0.6000000000000001,0.5000000000000001,0.0,1,0
0.6666666666666667,1.0,0.927741935483871,0.9259131633356306,0.9420663773894689,0.09803921568627451,0.6430868167202572,0.35294117647058826,0.3555555555555555,0.0,0,0
0.6666666666666667,1.0,0.9303225806451614,0.28807718814610617,0.4323912278644307,0.09982174688057041,0.694533762057878,0.4235294117647059,0.15555555555555553,0.0,0,0
0.6666666666666667,0.0,0.9470967741935483,0.7095106822880771,0.7795238653688285,0.1461675579322638,0.7909967845659165,0.23529411764705882,0.09999999999999998,0.0,0,0
0.6666666666666667,1.0,0.9122580645161291,0.8700895933838731,0.891872874398968,0.17290552584670232,0.38585209003215437,0.6823529411764706,0.25555555555555554,0.0,0,0
0.6666666666666667,1.0,0.967741935483871,0.7925568573397657,0.8293655447402369,0.14973262032085563,0.6881028938906755,0.4470588235294118,0.39999999999999997,0.0,1,0
1.0,1.0,0.9341935483870967,0.3108201240523777,0.8563386888706462,0.12834224598930483,0.5434083601286175,0.36470588235294116,0.2,0.0,0,0
1.0,1.0,0.9238709677419354,0.9955203308063404,0.993784449396036,0.13190730837789663,0.45016077170418006,0.5058823529411764,0.3555555555555555,0.0,0,0
0.6666666666666667,0.0,0.9470967741935483,0.7095106822880771,0.7795238653688285,0.1461675579322638,0.7491961414790997,0.1647058823529412,0.15555555555555553,0.0,0,0
0.3333333333333333,0.0,0.8929032258064518,0.08201240523776705,0.039521519878034476,0.06595365418894832,0.27974276527331193,0.5764705882352941,0.3,0.0,1,0
0.6666666666666667,1.0,0.9290322580645163,0.2749827705031013,0.42265744106954384,0.29946524064171126,0.4051446945337621,0.7411764705882353,0.8444444444444444,0.0,0,0
1.0,1.0,0.9238709677419354,0.9955203308063404,0.993784449396036,0.13190730837789663,0.45016077170418006,0.5058823529411764,0.3555555555555555,0.0,1,0
0.6666666666666667,1.0,0.9716129032258065,0.16126809097174363,0.10883077283921662,0.19073083778966132,0.4855305466237943,0.7647058823529411,0.45555555555555555,0.0,0,0
0.6666666666666667,1.0,0.9458064516129032,0.6964162646450723,0.7700246276533365,0.1443850267379679,0.5434083601286175,0.6470588235294117,0.2,0.0,0,0
0.3333333333333333,0.0,0.9638709677419357,0.05582356995175741,0.023924006098276066,0.17647058823529413,0.21543408360128619,0.23529411764705882,0.8444444444444444,0.0,0,0
1.0,0.0,0.9161290322580646,0.977946243969676,0.9805324264102264,0.1800356506238859,0.2668810289389068,0.7294117647058824,0.39999999999999997,0.0,0,0
0.6666666666666667,1.0,0.9406451612903226,0.6209510682288077,0.7096282397091592,0.1354723707664884,0.54983922829582,0.5411764705882354,0.5000000000000001,0.0,0,0
0.6666666666666667,0.0,0.9870967741935486,0.7463818056512749,0.7999296352761815,0.32085561497326204,0.6816720257234727,0.39999999999999997,0.5555555555555556,0.0,1,0
0.6666666666666667,1.0,0.9264516129032259,0.6743625086147484,0.7529025448575114,0.29055258467023176,0.30868167202572355,0.8588235294117645,0.5000000000000001,0.0,1,0
0.6666666666666667,0.0,0.9393548387096775,0.8170227429359062,0.8475430983933389,0.13368983957219252,0.49839228295819943,0.588235294117647,0.39999999999999997,0.0,0,0
0.6666666666666667,0.0,0.9122580645161291,0.9135079255685733,0.9328016887533717,0.09982174688057041,0.48874598070739556,0.4588235294117647,0.3,0.0,0,0
0.6666666666666667,0.0,0.9406451612903226,0.8521709166092349,0.874750791603143,0.11229946524064172,0.4694533762057879,0.4823529411764706,0.3,0.0,0,0
0.6666666666666667,0.0,0.9793548387096773,0.5475534114403859,0.6559165005277355,0.2976827094474153,0.504823151125402,0.38823529411764707,0.25555555555555554,0.0,0,0
0.6666666666666667,0.0,0.9406451612903226,0.8521709166092349,0.874750791603143,0.11229946524064172,0.4630225080385853,0.5176470588235293,0.25555555555555554,0.0,0,0
0.6666666666666667,0.0,0.9419354838709679,0.6557546519641626,0.736484109299871,0.13903743315508021,0.5691318327974277,0.411764705882353,0.39999999999999997,0.0,1,0
0.6666666666666667,1.0,0.967741935483871,0.7925568573397657,0.8293655447402369,0.14973262032085563,0.5369774919614148,0.5764705882352941,0.5000000000000001,0.0,1,0
0.6666666666666667,1.0,0.9406451612903226,0.9396967608545831,0.9513310660255659,0.13725490196078433,0.4276527331189711,0.6705882352941177,0.8444444444444444,0.0,0,0
0.6666666666666667,1.0,0.967741935483871,0.7925568573397657,0.8293655447402369,0.14973262032085563,0.5369774919614148,0.5764705882352941,0.5000000000000001,0.0,0,0
0.6666666666666667,1.0,0.967741935483871,0.7925568573397657,0.8293655447402369,0.14973262032085563,0.5369774919614148,0.5764705882352941,0.5000000000000001,0.0,0,0
1.0,1.0,0.9329032258064516,0.9483115093039284,0.9583675384074118,0.1265597147950089,0.39549839228295824,0.7176470588235293,0.7999999999999999,0.0,1,0
0.0,0.0,0.727741935483871,0.01137146795313577,0.00973378679488683,0.0338680926916221,0.07717041800643087,0.7882352941176471,0.6555555555555556,0.0,1,0
0.0,0.0,0.727741935483871,0.01137146795313577,0.00973378679488683,0.0338680926916221,0.09324758842443731,0.7294117647058824,0.5555555555555556,0.0,1,0
0.0,1.0,0.7845161290322582,0.008614748449345278,0.008678315937609945,0.03208556149732621,0.07717041800643087,0.5176470588235293,0.055555555555555546,0.0,1,0
0.3333333333333333,0.0,0.8838709677419356,0.048242591316333565,0.03400961651225519,0.1265597147950089,0.25723472668810293,0.35294117647058826,0.6,0.0,1,0
0.3333333333333333,0.0,0.9225806451612903,0.05995864920744315,0.03893514717954732,0.13012477718360071,0.28938906752411575,0.3058823529411765,0.5555555555555556,0.0,1,0
0.3333333333333333,0.0,0.9367741935483871,0.06719503790489319,0.04174973613228568,0.15151515151515152,0.35691318327974286,0.1411764705882353,0.3555555555555555,0.0,1,0
0.3333333333333333,1.0,0.9329032258064516,0.04651964162646451,0.020757593526445413,0.21925133689839574,0.36977491961414793,0.21176470588235297,1.0,0.0,1,0
0.3333333333333333,1.0,0.9329032258064516,0.04651964162646451,0.020757593526445413,0.21925133689839574,0.4951768488745982,0.1411764705882353,0.6,0.0,0,0
0.3333333333333333,1.0,0.9148387096774193,0.08373535492763612,0.07716664712091006,0.10160427807486631,0.5080385852090032,0.29411764705882354,0.39999999999999997,0.0,1,0
0.6666666666666667,0.0,0.8967741935483873,0.32770503101309445,0.2592940072710215,0.08377896613190731,0.3890675241157557,0.7529411764705882,0.39999999999999997,0.0,0,0
0.6666666666666667,1.0,0.9264516129032259,0.2067539627842867,0.2869707986396154,0.16755793226381463,0.717041800643087,0.411764705882353,0.3,0.0,1,0
0.6666666666666667,0.0,0.9587096774193549,0.3538938662991041,0.36214377858566904,0.19251336898395724,0.7781350482315113,0.23529411764705882,0.25555555555555554,0.0,1,0
0.6666666666666667,0.0,0.967741935483871,0.4155754651964163,0.40143074938430867,0.32085561497326204,0.6591639871382637,0.29411764705882354,1.0,0.0,1,0
0.6666666666666667,0.0,0.9651612903225808,0.290144727773949,0.4539697431687581,0.17647058823529413,0.8038585209003217,0.15294117647058825,0.09999999999999998,0.0,0,0
0.6666666666666667,1.0,0.967741935483871,0.3452791178497588,0.4872757124428287,0.2620320855614973,0.7684887459807075,0.35294117647058826,0.39999999999999997,0.0,1,0
0.6666666666666667,1.0,0.967741935483871,0.3452791178497588,0.4872757124428287,0.2620320855614973,0.5144694533762058,0.7882352941176471,0.45555555555555555,0.0,1,0
0.6666666666666667,0.0,0.9096774193548389,0.3542384562370779,0.4968922246980181,0.11408199643493762,0.6559485530546625,0.4941176470588235,0.5000000000000001,0.0,1,1
0.6666666666666667,0.0,0.9612903225806453,0.39042039972432807,0.6474727336695204,0.16934046345811052,0.9003215434083602,0.11764705882352944,0.45555555555555555,0.0,1,0
0.6666666666666667,0.0,0.9612903225806453,0.39042039972432807,0.6474727336695204,0.16934046345811052,0.9003215434083602,0.08235294117647057,0.5000000000000001,0.0,0,0
0.6666666666666667,1.0,0.9832258064516131,0.4452101998621641,0.6792541339275244,0.25133689839572193,0.6816720257234727,0.29411764705882354,0.6,0.0,0,0
0.6666666666666667,1.0,0.9832258064516131,0.4452101998621641,0.6792541339275244,0.25133689839572193,0.9260450160771705,0.1411764705882353,0.5555555555555556,0.0,0,0
0.6666666666666667,1.0,0.9832258064516131,0.4452101998621641,0.6792541339275244,0.25133689839572193,0.9935691318327977,0.11764705882352944,0.39999999999999997,0.0,1,0
0.6666666666666667,0.0,0.9845161290322582,0.4631288766368022,0.6900433915796881,0.37967914438502676,0.9131832797427655,0.15294117647058825,0.3555555555555555,0.0,1,0
0.6666666666666667,0.0,0.9858064516129033,0.4831150930392833,0.7011844728509441,0.3155080213903743,0.7041800643086817,0.32941176470588235,0.6555555555555556,0.0,0,0
0.6666666666666667,0.0,0.9858064516129033,0.4831150930392833,0.7011844728509441,0.3155080213903743,0.7781350482315113,0.22352941176470592,0.3555555555555555,0.0,1,0
0.6666666666666667,0.0,0.9858064516129033,0.4831150930392833,0.7011844728509441,0.3155080213903743,0.5530546623794212,0.6588235294117648,0.7999999999999999,0.0,1,0
0.6666666666666667,0.0,0.9858064516129033,0.4831150930392833,0.7011844728509441,0.3155080213903743,0.5916398713826367,0.5058823529411764,0.09999999999999998,0.0,0,0
0.6666666666666667,0.0,0.9858064516129033,0.4831150930392833,0.7011844728509441,0.3155080213903743,0.852090032154341,0.21176470588235297,0.39999999999999997,0.0,0,0
0.6666666666666667,0.0,0.9948387096774194,0.519986216402481,0.7226457136155742,0.24598930481283424,0.9710610932475885,0.07058823529411767,0.45555555555555555,0.0,0,0
0.6666666666666667,1.0,0.9961290322580647,0.5406616126809096,0.7337867948868302,0.20142602495543674,0.9710610932475885,0.1411764705882353,0.2,0.0,0,0
0.6666666666666667,1.0,0.9961290322580647,0.5406616126809096,0.7337867948868302,0.20142602495543674,0.8135048231511255,0.1647058823529412,0.45555555555555555,0.0,1,0
0.6666666666666667,1.0,0.9974193548387098,0.5613370089593384,0.7448106016183886,0.24955436720142604,0.919614147909968,0.1764705882352941,0.5000000000000001,0.0,1,0
0.6666666666666667,0.0,1.0,0.6009648518263266,0.7668582150815058,0.29946524064171126,0.6977491961414792,0.31764705882352945,0.2,0.0,0,0
0.6666666666666667,0.0,1.0,0.6009648518263266,0.7668582150815058,0.29946524064171126,0.9774919614147912,0.1294117647058824,0.3,0.0,1,0
0.6666666666666667,0.0,0.9987096774193549,0.62026188835286,0.7778820218130644,0.25490196078431376,0.9678456591639872,0.1411764705882353,0.2,0.0,1,0
0.6666666666666667,0.0,0.9987096774193549,0.62026188835286,0.7778820218130644,0.25490196078431376,1.0,0.1294117647058824,0.25555555555555554,0.0,1,0
0.6666666666666667,0.0,0.9987096774193549,0.62026188835286,0.7778820218130644,0.25490196078431376,0.807073954983923,0.5647058823529412,0.5000000000000001,1.0,1,0
0.6666666666666667,0.0,0.9987096774193549,0.62026188835286,0.7778820218130644,0.25490196078431376,0.6237942122186497,0.588235294117647,0.5000000000000001,0.125,0,0
0.6666666666666667,0.0,0.9987096774193549,0.62026188835286,0.7778820218130644,0.25490196078431376,0.6237942122186497,0.588235294117647,0.5000000000000001,0.125,0,0
0.6666666666666667,0.0,0.9987096774193549,0.62026188835286,0.7778820218130644,0.25490196078431376,0.594855305466238,0.6352941176470588,0.5000000000000001,0.0625,0,0
0.6666666666666667,0.0,0.9780645161290322,0.47656788421778085,0.7988741644189047,0.35650623885918004,0.8681672025723475,0.1764705882352941,0.5000000000000001,0.0,0,0
0.6666666666666667,0.0,0.9780645161290322,0.47656788421778085,0.7988741644189047,0.35650623885918004,0.8585209003215435,0.1647058823529412,0.5000000000000001,0.0,1,0
0.6666666666666667,0.0,0.9329032258064516,0.5585802894555478,0.8637269848715844,0.1800356506238859,0.7877813504823152,0.23529411764705882,0.15555555555555553,0.0,1,0
0.6666666666666667,1.0,0.9329032258064516,0.5713301171605789,0.8733434971267738,0.1265597147950089,0.5241157556270097,0.6823529411764706,0.9,0.0,0,0
0.6666666666666667,1.0,0.9329032258064516,0.5713301171605789,0.8733434971267738,0.1265597147950089,0.762057877813505,0.3058823529411765,0.3555555555555555,0.0,0,0
0.6666666666666667,1.0,0.9329032258064516,0.5713301171605789,0.8733434971267738,0.1265597147950089,0.762057877813505,0.3058823529411765,0.3555555555555555,0.0,0,0
0.6666666666666667,1.0,0.9329032258064516,0.5713301171605789,0.8733434971267738,0.1265597147950089,0.6077170418006432,0.6588235294117648,0.7999999999999999,0.21875,1,0
0.6666666666666667,1.0,0.9329032258064516,0.5713301171605789,0.8733434971267738,0.1265597147950089,0.5144694533762058,0.5529411764705883,0.5555555555555556,0.0,0,0
0.6666666666666667,1.0,0.8116129032258064,0.19159200551343902,0.7713146475900082,0.0338680926916221,0.8231511254019295,0.23529411764705882,0.25555555555555554,0.0,0,0
0.6666666666666667,1.0,0.8116129032258064,0.19159200551343902,0.7713146475900082,0.0338680926916221,0.8231511254019295,0.2,0.25555555555555554,0.0,1,0
0.6666666666666667,1.0,0.8116129032258064,0.19159200551343902,0.7713146475900082,0.0338680926916221,0.6334405144694535,0.6588235294117648,0.6,0.0,1,0
0.6666666666666667,1.0,0.8116129032258064,0.19159200551343902,0.7713146475900082,0.0338680926916221,0.6109324758842445,0.6470588235294117,0.7000000000000001,0.0,1,0
0.6666666666666667,1.0,0.9767741935483873,0.4993108201240524,0.7116219068840156,0.20142602495543674,0.7524115755627012,0.31764705882352945,0.39999999999999997,0.0,0,0
1.0,0.0,0.7845161290322582,0.006547208821502412,0.11586724522106252,0.019607843137254905,0.30868167202572355,0.18823529411764706,0.45555555555555555,0.0,0,0
